County;Agency_Name;Trading_Name;Address;Licence_Number;Phone;Email;Website;Covered_Fields
Dublin;3D Personnel Limited;;Block 9 Airvista Office Park Swords Road Santry Dublin 9 D09 C8X9;EA3321;+35315133101;dublin@3dpersonnel.com;https://3dpersonnel.com;Construction, Finance & Accounting, Engineering
Dublin;A Willi Ltd;;Silverdale Bealinstown Balheary Co. Dublin K67 A0H2;EA4666;+353896006906;admin@awilli.ie;https://www.awilligroup.com/contact-us/;General Recruitment
Dublin;A & G Coyle Group Limited;Coyle Group Ltd;51 Bracken Road Sandyford Dublin 18 D18 CV48;EA3644;+35319038450;info@coyle-group.com;https://www.coyle-group.com;Technical, Healthcare, Industrial, Construction
Dublin;ABLM Manpower Limited;Properhealthcare Plus;First Floor Templecourt Blackrock Co. Dublin A94 K6K2;EA5200;+35340481222;admin@properhealthcarestaffing.com;https://www.properhealthcarestaffing.com/;Healthcare, Care
Dublin;ABM Aviation UK Ltd;Blackjack Promotions;12 Muirfield Drive Naas Road Inchicore Dublin 8;EA4051;+353874125428;;;Driving, General Recruitment, Admin & Office
Dublin;Access Nursing Limited;Access Healthcare;2 Westland Square Pearse Street Co. Dublin D02 V960;EA4003;+35319015270;info@accesshealthcare.ie;https://accesshealthcare.ie/;Healthcare, Care
Dublin;Accountancy and Business Personnel Limited;Accountancy Solutions;Merchants Hall 25-26 Merchants Quay Dublin 8;EA1077;+35316797990;info@accountancysolutions.ie;https://www.accountancysolutions.ie/;Finance & Accounting, HR, Public
Dublin;Accountancy Professionals Limited;ACCPRO;43 Fitzwilliam Place Dublin 2;EA3379;+35316522444;info@accpro.ie;https://accpro.ie;Finance & Accounting, Legal, Audit, Industrial
Dublin;Ach Capital Limited;;Glandore 16 Fitzwilliam Place Dublin 2;EA5125;;;;Finance & Accounting
Dublin;Acourt Recruitment Services Ltd;Hynes Agency;52 Lower O'Connell Street Dublin 1. Co. Dublin;EA3777;+35318728170;;https://www.hynesagency.ie/;Care, Healthcare
Dublin;Act1 Group-Agile1 Ireland Limited;Agile-1, Agileone;Pelham House South County Business Park Leopardstown Dublin 18;EA3891;;info@agile1.com | ireland@agile1.com;https://agile-one.com;General Recruitment
Dublin;Acumen Resources Search Company Limited;Acumen Resources;54 St Margaret's Road Malahide Co. Dublin K36R761;EA4222;+35316099400;ireland@acumen-resources.com;https://acumen-resources.com;Actuarial, Consulting, Insurance, HR
Dublin;Acutis Recruitment Limited;Acutis Recruitment;Unit 4, First Floor 84 Strand Street Skerries Co. Dublin K34VW93;EA5246;;;;General Recruitment
Dublin;Adamantine Recruitment Limited;;2B Dunsoghly Drive Finglas Dublin 11 D11 VX51;EA5114;+353873413483;info@adamantine.ie;https://adamantine.ie;General Recruitment
Dublin;Adaptive HVM Ltd;;20 Stephen Street Lower First Floor Dublin 2 D02 DT04;EA3782;+35318366827;info@adaptivehvm.com;https://adaptivehvm.com;Factory
Dublin;Advanced Clinical Research Services Ireland Ltd;;Simmonscourt House Simmonscourt Road Dublin 4 D04 W9H6;EA5093;+35315363281;;https://www.advancedclinical.com;Healthcare, Science, Biotech, Pharma
Dublin;Aer Resources Agency Services Limited;;No 1 Grants Row Lower Mount Street Dublin 2;EA4209;;;;General Recruitment
Dublin;Aeroprofessional Recruitment Limited;Aeroprofessional Recruitment Limited;38 Main Street Swords Co. Dublin;EA4353;;admin@aeroprofessional.com | dublin@aeroprofessional.com;https://aeroprofessional.com;Aviation
Dublin;Affinity Healthcare Ltd;Total Healthcare Partnership;Trinity House Charelston Road Ranelagh Dublin 6 D06C8X4;EA5284;;;;Healthcare, Care
Dublin;Africare Agency Limited;;9 Churchwell Grove Belmayne Dublin 13;EA5244;+353899645654;info@africare.ie;https://africare.ie;Care, General Recruitment
Dublin;Agility Employment Limited;;First Floor 54 Dawson Street Dublin 2 Dublin 2 DO2 XW44;EA4686;+35316874888;hello@recruitergroup.com;https://recruiter.ie/;Hospitality, Retail, Admin & Office
Dublin;AII Limited;Odgers Berndtson;Embassy House Herbert Park Ballsbridge Dublin 4 D04 H6Y0;EA1069;+3536697030;;https://www.odgers.com/en-ie/;Board level
Dublin;Airborne Personnel Limited;;One Earlsfort Centre Lower Hatch Street Dublin 2;EA5331;;;https://airbornepersonnel.info/;Aviation
Dublin;Aire Care Technologies Ltd;;42 Mount Street Upper c/o The Nightingale Dublin 2 D02X3P2;EA5135;+35315242659 | +353830493377;info@airecare.ie;https://airecare.ie/;Care
Dublin;Airport Driving School Ltd;Drivers 5-Star Employment Agency;Eagle House Fields Corner Lower Churchtown Road Churchtown Dublin 14 D14YT66;EA3613;+35318068000;;https://airportdrivingschool.com/;Driving, Logistics & Warehousing
Dublin;Ajilon (UK) Limited;Spring Technology / Modis Ireland;Grafter Offices 10 Ely Place Dublin 2 D02HR98;EA1253;;;;Tech & Data Science, Engineering, Business Services
Dublin;Akeso Healthsearch Ltd;;20 Essex Street E Temple Bar Dublin 2 D02F670;EA3979;;enquiries@akesohealthsearch.com;https://akesohealthsearch.com/;Healthcare
Dublin;Alexander Mann Outsourcing Solutions Ltd;;Trinity House Charleston Road Ranelagh Dublin 6 D06 C8X4;EA3549;;;;General Recruitment
Dublin;Alldus International Consulting Limited;;The G.E.C. Taylor's Lane Dublin 8 Dublin 8 D08 ET2R;EA4316;+35315136666;info@alldus.com;https://alldus.com;Tech & Data Science
Dublin;Allegis Global Solutions;Allegis Global Solutions KFT;Ella House by Soonbrook Merrion Sq E Dublin 2 D02NP96;EA4693;;;https://www.allegisglobalsolutions.com/ | https://www.allegisgroup.com/;General Recruitment
Dublin;Allegis Global Solutions Limited;Allegis Global Solutions;Ella House by Soonbrook - Merrion Square E Merrion Square E Dublin 2 D02 NP96;EA4486;;;https://www.allegisglobalsolutions.com | https://www.allegisgroup.com/;General Recruitment, Admin & Office
Dublin;Allegis Group Limited;Allegis Group, Aerotek, Aston Carter Teksystems, Teksystems;Ella House by Soonbrook Merrion Square E Dublin 2 D02 NP96;EA4484;;;https://www.allegisgroup.com;General Recruitment, Tech & Data Science, Finance & Accounting, Sales, Healthcare
Dublin;Allen Outsource Ltd;;19 Pembroke Street Upper Co. Dublin D02K738;EA5338;+35316694040;info@allenrec.com;https://www.allenrec.com;General Recruitment
Dublin;Allen Recruitment Consulting Limited;Allen Recruitment Consulting;19 Upper Pembroke Street Dublin 2;EA1427;+35316694040;info@allenrec.com;https://www.allenrec.com;Tech & Data Science, Finance & Accounting, Healthcare, Engineering
Dublin;Allied and Clinical Recruitment Limited;;Block 1 Blanchardstown Corporate Park Ballycoolin Road Blanchardstown Dublin 15 D15;EA4962;;;;Healthcare, General Recruitment
Dublin;Alpha Workforce Limited;;21 Priory Office Close Stillorgan Co. Dublin A94 F660;EA4216;;;;Hospitality, Cleaning, General Recruitment
Dublin;Angel Care Consultancy Ltd;;Ashleigh House JFK Industrial Estate JFK Road Dublin 12 D12VE06;EA4698;+35314659956 | +353831072792;;;Healthcare
Dublin;Angela Luciane Bettio;Meat Staff and ALB Global Recruitment;9 Ashton Lawns Ashton Broc Swords Co. Dublin K67X895;EA4883;+353874557356;angela@albrecruitment.com;https://www.meatstaff.com/index-en.html | https://albrecruitment.com/;Factory
Dublin;Angelic Recruitment Agency Ltd;;1 Hastings Avenue Balbriggan Co. Dublin K32 EV62;EA4563;+353857742744;support@angelicrecruitment.ie;https://angelicrecruitment.ie;Care, General Recruitment
Dublin;Approach People Recruitment Limited;;Quantum House Temple Road Blackrock Co. Dublin;EA1910;+35314003500;info@approachpeople.com;https://approachpeople.com;General Recruitment, Tech & Data Science, Pharma, Sales, Finance & Accounting
Dublin;Argolic Services Ireland Ltd;;Landscape House Baldonnell Business Park Dublin 22 D22P3K7;EA4617;;;;Industrial, Cleaning
Dublin;Art Staff Services (Ireland) Ltd;;Unit 2E JFK Avenue JFK Industrial Estate Naas Road Dublin 12;EA4397;;;;Hospitality
Dublin;Ascend Project Management Limited;;1 Drummartin Road Dundrum Dublin 14;EA5127;+35315394880;info@ascendpm.ie;https://ascendpm.ie;Management
Dublin;Ascendion Engineering Solutions Ireland Limited;;Regus House Dublin Harcourt Centre Block 4 Dublin 2 D02HW77;EA4049;+35314093920;;https://ascendion.com/;Engineering, Tech & Data Science, General Recruitment
Dublin;Ascension Executive Recruitment Limited;;10B Santry Business Park Dublin 9;EA3650;+35314047626;info@ascension.ie;https://ascension.ie;Board level, Sales, Finance & Accounting, Marketing
Dublin;Ashfield Healthcare (Ireland) Limited;;20 Riverwalk Citywest Business Campus Citywest Dublin 24;EA1447;;;https://ashfieldhealth.com/;Healthcare, Pharma, General Recruitment
Dublin;Assured Personnel Ltd;;Unit D3 Airside Business Park Swords Co. Dublin K67 K380;EA4329;+35319685050;;https://assuredireland.com/;General Recruitment, Logistics & Warehousing
Dublin;AT Recruit IT Limited;AT Recruit IT;19B Old Street Malahide Co. Dublin K36AE95;EA4244;+35315313100;hello@atrecruitit.com;https://atrecruitit.com;Tech & Data Science, Technical, Admin & Office
Dublin;Aterim Aerospace Aviation Ltd;Aterim;Block 1, Airvista Office Park Swords Road Dublin 9 D09PK24;EA5027;+353858672413;;https://www.aterim.com/;Aviation, Technical
Dublin;Atlantis Healthcare Ltd;Atlantis Healthcare;51 Bracken Road Sandyford Business Park Dublin 18 D18 CV48;EA5329;+353894872125;info@atlantishealth.ie;https://atlantishealth.ie;Care, Healthcare
Dublin;Attentius Associates Limited;Osborne;13 Fitzwilliam Square East Dublin 2;EA3448;+35316384400;info@osborne.ie;http://www.osborne.ie/;Admin & Office, Finance & Accounting, HR, Board level
Dublin;AuxiliumDei;;6C Parklands Parade Saggart Co. Dublin D24 FY8N;EA5339;+353899871906;info@auxiliumdei.com;https://www.auxiliumdeiemploymentagency.com/;Care
Dublin;Aviation Crew Services Limited;Aviation Crew Services Limited;No 1 Grants Row Lower Mount Street Dublin 2;EA5341;;;;Aviation, Technical
Dublin;Avril Clare Recruitment Ltd;;8 Beckett Hall Carrickmines Wood Brennanstown Road Dublin 18 D18XK33;EA4641;+353872220217;careers@avrilclarerecruitment.ie;https://avrilclarerecruitment.ie;General Recruitment
Dublin;Baig & Mirza Health Services Ltd;Kare Plus Dublin South;Unit F18 Bakers Point Pottery Road Co. Dublin A96 D825;EA4544;;;;Care, Healthcare
Dublin;Balmer Recruitment Ltd;Balmer Dawson Executive Search;34 Grafton St Grafton Buildings Dublin 2;EA4033;+353866738823 | +353868110655;info@balmerdawson.ie;https://balmerdawson.ie/;Board level, Finance & Accounting, Legal
Dublin;Barrett-Hayes Global Recruitment Limited;;13 Adelaide Road Dublin 2 Dublin 2 D02 P950;EA5015;+35314434282;;https://barretthayesrecruitment.com;Board level
Dublin;Barrom Cúram Limited;Barrom Cúram;8 Rossan Court Waterville Blanchardstown Co. Dublin;EA5068;+353874792275;info@barromcuram.com;https://barromcuram.com;Healthcare, Care
Dublin;Barry M. Whelan Recruitment Limited;Excel Recruitment;Suite 336 The Capel Building Mary's Abbey Capel Street Dublin 7;EA2057;+35318717676 | +353864666631;info@excelrecruitment.com;https://excelrecruitment.com;Retail, Hospitality, Healthcare, Industrial, Admin & Office
Dublin;Baylam Home Health Care Ltd;Bayada Home Health Care;Unit 9 2009 Orchard Business Centre Orchard Ave, Citywest Dublin 24 D24FDH5;EA4848;+35314906217;info@bayada.ie;https://www.bayada.ie/;Care, Healthcare
Dublin;BDO Talent Management Limited;;Block 3 Miesian Plaza 52-58 Lower Baggot Street Dublin 2 D02 Y754;EA4434;+35314700000;info@bdo.ie;https://www.bdo.ie;General Recruitment, Finance & Accounting, Admin & Office
Dublin;Belgrave Recruitment Limited;Belgrave Nanny Agency;The Yard Killakee Road Rathfarnham Dublin 16 D16H223;EA2039;+35314934388;info@nanny.ie;https://Nanny.ie;Care, Au Pair
Dublin;Bespoke Recruitment Limited;Bespoke Recruitment Ltd;Suite 10679 5 Fitzwilliam Square Dublin 2 D02 R744;EA3787;+35319065880;info@bespokerecruitment.ie;https://bespokerecruitment.ie;General Recruitment, Finance & Accounting, Pharma, Sales, Tech & Data Science
Dublin;Blake Search Partners Ltd;Blake Serach Partners;Mespil House Sussex Road Dublin 4 D04T4A6;EA5020;+353873567402;info@blakesearch.ie;https://blakesearch.ie/;Board level, Finance & Accounting, Legal, ESG
Dublin;Blue Forge Recruitment;Blur Forge Recruitment;2 Shackleton Close Shackleton Park Lucan Co. Dublin K78W2F8;EA5295;;;;Factory, Logistics & Warehousing, General Recruitment
Dublin;Blue Saffron Ltd;Dangan Group;Unit A Citywest Shopping Centre Citywest Dublin 24;EA4578;+3531800819001;info@dangangroup.ie;https://dangangroup.ie;Security, Cleaning, Facilities
Dublin;Blueberry International;;77 Beechwood Gate Beechwood Hansfield Dublin 15;EA4389;+353879464330;info@blueberry-intl.com;https://blueberry-intl.com/;Care, Healthcare, General Recruitment
Dublin;Bluestones Staffing NI;Bluestones Staffing NI;Floor 3, Block 3 Miesian Plaza Dublin 2 D02Y754;EA5336;+35315314179;info@bluestones-staffing.co.uk;https://bluestones-staffing.co.uk/;Industrial, Driving, Admin & Office
Dublin;BMS Performance Limited;BMS Sales Recruitment Ltd;Workhub 6 Fern Road Sandyford Co. Dublin;EA2091;+35316780110;info@bmsperformance.com;https://bmsperformance.com;Sales, Marketing, Tech & Data Science
Dublin;Bologna Medical Recruitment Limited;Bologna Medical Recruitment;93 Upper Georges Street Dun Laoghaire Co. Dublin A96V1K8;EA3896;+35312544366;info@bolognahealthjobs.com;https://bolognahealthjobs.com;Healthcare
Dublin;Bond Search and Selection (Ireland) Ltd;;Coliemore House Coliemore Road Dalkey Co. Dublin;EA4897;;;;Admin & Office, Finance & Accounting, HR, Engineering
Dublin;Bongiwe Home Carers;;Nesta Self Storage Dublin Storage Unit Glencullen House, Kylemore Dublin 10;EA4969;+35315175055 | +353852756599;;https://bongiwehomecarers.ie;Care
Dublin;Boo Labs Limited;Heron;13 Adelaide Rd Co. Dublin D02P950;EA5399;;;;Tech & Data Science, Remote
Dublin;Boston Energy (Europe) Ltd;;Digital Office Centre, Balheary Industrial Park Balheary Road Swords Co. Dublin K67E5A0;EA4891;;;https://bostonenergy.co.uk/;Energy, Technical
Dublin;Bowler Recruitment Limited;;Suite 10655 26/27 Upper Pembroke Street Dublin 2 D02X361;EA4640;+353876083843;info@bowlerrecruitment.com;https://bowlerrecruitment.com;Legal, Board level
Dublin;Boyden Ireland Limited;;20 Harcourt Street Dublin 2;EA5136;+35319120634;ireland@boyden.com;https://boyden.com;Board level, Consulting
Dublin;Bridge HR Holdings Ltd;Bridge Recruitment;13 Adelaide Road Dublin 2 D02 P950;EA4683;;office@bridgehr.eu;https://bridgehr.eu;HR, Admin & Office, Finance & Accounting, General Recruitment
Dublin;Brightwater Selection (Ireland) Limited;Brightwater Recruitment;36 Merrion Square Dublin 2 D02 RY62;EA1401;+35316621000;dublin@brightwater.ie;https://www.brightwater.ie;Finance & Accounting, Legal, HR, Tech & Data Science, Engineering, Healthcare
Dublin;Brookson Project Ireland Limited;Boomerang Back Office;10 Earlsfort Terrace Dublin Dublin 2;EA4673;;;;Contracting, HR, General Recruitment
Dublin;Brown Oak Recruitment Ltd;;Staybarr House Kylemore Park North Dublin 10 D10WF50;EA4590;+353894619192;info@brownoak.ie;https://brownoak.ie;General Recruitment, Cleaning, Logistics & Warehousing
Dublin;BSS Personnel Limited;BSS Building Staff Solutions;27 - 30 Merchants House Merchants Quay Dublin 8;EA3863;+35317071012;info@buildstaff.ie;https://buildstaff.ie;Construction, Engineering, Management
Dublin;BSS Subcontractors Ltd;BSS Building Staff Solutions;27-30 Merchants House Merchants Quay Dublin 8;EA3772;+35317071012;info@buildstaff.ie;https://buildstaff.ie;Finance & Accounting, General Recruitment
Dublin;Bua Bua Recruitment Limited;Bua Bua Recruitment Limited;23 Adelphi House Upper Georges Street Dun Laoghaire Co. Dublin A96K224;EA5226;+353876613711;ask@buabua.ie;https://buabua.ie;Hospitality, Cleaning, Care
Dublin;C & A Recruitment (Ireland) Ltd;;Unit 9, Keypoint Business Park Rosemount Park Drive, Ballycoolin Dublin 11 D11 W8EF;EA3296;;;;Driving, Logistics & Warehousing, General Recruitment
Dublin;C & B Core Recruitment Limited;Bright Recruitment;1st Floor, Building Two, The Green Dublin Airport Central Dublin Airport, Swords Co. Dublin;EA4453;+35315665247;info@brightrecruitment.ie;https://brightrecruitment.ie/;Admin & Office, Tech & Data Science, Sales, Hospitality
Dublin;Cadent Sourcing Limited;;Unit 3 The Edge Avonmore Road Dublin 24 D24 K07Y;EA4455;+35315666699;hello@cadentsourcing.com;https://cadentsourcing.com;Engineering, Healthcare, Tech & Data Science, Factory
Dublin;CAE Crewing Services Ltd;CAE Crewing Services Ltd;Woodford Business Park Santry Dublin 17;EA5312;;;https://www.cae.com/;Aviation, General Recruitment
Dublin;Caher International Recruitment Consultants Ltd;Global Professional Consultants;Unit 511 Q House Furze Road Sandyford Business Park Dublin 18 D18 YW88;EA3625;;michael@caherconsultancy.ie;;Healthcare
Dublin;Caldera Atlantic Resources Ireland LTD;;57 Amiens St Dublin 1;EA4843;;;https://www.calderaatlantic.com/;General Recruitment, Driving, Security
Dublin;Campbell Rochford Consulting Limited;Campbell Rochford;6-9 Trinity Street Dublin 2 D02 EY47;EA3795;+35319065116;info@campbellrochford.ie;https://www.campbellrochford.ie/;Board level, Legal, Finance & Accounting, HR
Dublin;Canavan Byrne Management;Canavan Byrne;Kingsfurze House Old Lucan Road Dublin 20 D20KK60;EA5343;+35316235908;info@canavanbyrne.ie;https://canavanbyrne.ie;Care, HR, Admin & Office
Dublin;Capital GES Limited;;10 Earlsfort Terrace Dublin 2 D02 T380;EA4211;;info@capital-ges.com;;EOR, General Recruitment, HR
Dublin;Capital Recruitment Limited;Capital Human Resources Group;51 Bracken Road Sandyford Business Park Co. Dublin D18CV48;EA1501;+35312101010;capital@capital.ie;https://capital.ie;Board level, HR, Admin & Office
Dublin;Capital8 Executive Search Ltd;;19 Fitzwilliam Square South Dublin 2 Co. Dublin D02 CD40;EA4651;+353868116693;j.moran@capital8.ie;https://www.capital8.ie/jobs;Board level, Consulting, HR
Dublin;Care Link Medical Ltd;;20 Harcourt Street Dublin 2 D02 H364;EA5108;;info@carelinkinternational.com;https://carelinkinternational.com/;Healthcare, Care
Dublin;Career Management International Consultants Ltd;CMI Recruitment;Clifton House, Fitzwilliam Street Lower, Dublin 2 D02XT91;EA1091;;;;Healthcare, Pharma, Admin & Office
Dublin;Careeriser;Careeriser Limied;77 Camden Street Lower Saint Kevin's Dublin 2 D02XE80;EA5281;+35315789566 | +35315789567;info@careeriser.ie;https://careeriser.ie;General Recruitment, Hospitality, Admin & Office
Dublin;Carrickbracken Limited;Hall Recruitment;No 1 Northumberland Rd Ballsbridge Dublin 4;EA2131;;info@hallrecruitment.ie;https://hallrecruitment.ie;Admin & Office, Facilities, Finance & Accounting, HR
Dublin;Carron Connected Limited;Carron Connected;13 Adelaide Road Dublin 2;EA4867;+3534751005;info@carronconnected.com;https://carronconnected.com;Board level, General Recruitment, Consulting
Dublin;CCM International Limited;CCM Recruitment International;63 Lower Gardiner Street Dublin 1 D01 P6K0;EA1064;+35318366092 | +35318366093;info@ccmrecruitment.com;https://ccmrecruitment.com;Healthcare, General Recruitment
Dublin;Cecilia Onyenemezu;Norlia Recruitment Service;GD House,Tallaght Business Park Whitestown Drive Tallaght, Dublin 24;EA3202;;;;Care, General Recruitment
Dublin;Chapter 3 Consulting Limited;;Hamilton House 28 Fitzwilliam Place Dublin 2 D02P283;EA3867;;;;Consultancy, General Recruitment
Dublin;Chef Jobs Ireland Ltd;;6 Fern Road Sandyford Dublin 18 D18 FP98;EA5035;;;;Hospitality
Dublin;Choice People Staffing Solutions Ltd;Choice People;10B Santry Business Park Santry Dublin 9;EA4577;+35316876461;;https://www.choicepeople.ie;Hospitality, Construction, Admin & Office
Dublin;Christopher Hamilton;Turn Life Science Solutions;74 Seafield Court Killiney Co. Dublin A96 HN72;EA4868;;;;Healthcare, General Recruitment, QA
Dublin;Clarity Recruitment Ventures Limited;Clarity Locums, Clarity Recruitment;10 Merrion Square Dublin 2 D02 DW94;EA3586;+35315325441;enquiries@claritylocums.com;https://www.claritylocums.com/;Pharma, Healthcare
Dublin;Clarity Search Partners Ltd;Clarity Search Partners;56 Fitzwilliam Square Dublin 2 D02X224;EA4089;+35314304805;patrick@claritysearchpartners.ie;https://www.claritysearchpartners.ie;Board level, Finance & Accounting, Legal, General Recruitment
Dublin;Clifden Recruitment Limited;Clifden Recruitment Limited;6 Clifden Road Ballyfermot Co. Dublin D10 AH63;EA4516;+35316971570;clifden.io;https://www.clifden.io/;General Recruitment, Admin & Office, Care
Dublin;Clon Brugh Medical Services Limited;;302C The Wood Clon Brugh Sandyford Dublin 18 D18 P897;EA4880;;;;Care, Healthcare
Dublin;CMV Consulting;;8 Booterstown Avenue Booterstown Blackrock Co. Dublin A94 A4YO;EA2291;+35316686489;info@cmv.ie;http://cmv.ie;Tech & Data Science, Management
Dublin;Communicate Recruitment Solutions (Ireland) Ltd;;Suite 101 9 Pembroke Street Upper Dublin 2;EA4499;;;;Finance & Accounting, Legal, Tech & Data Science
Dublin;Conncare Recruitment Limited;Conncare Recruitment;1 The Crescent Carrickmines Manor Carrickmines Dublin 18 D18N2P9;EA4817;;info@conncare.ie;https://conncare.ie/;Healthcare, Care
Dublin;Connectify Recruitment;;35 Newtown Park Blackrock Co. Dublin;EA5373;;hello@connectifyrecruitment.ie;https://connectifyrecruitment.ie/;Hospitality, Admin & Office
Dublin;Conscia Ltd;;Suite G05 The Masonry Building 151 156 Thomas Street Dublin 8 D08 PY5E;EA4593;;donald@consciatalent.com | hello@consciatalent.com;https://www.consciatalent.com/;Tech & Data Science
Dublin;Consolidated Healthcare Limited;Consolidated Healthcare;Block 1, Blanchhardstown Corporate Park Ballycoolin Road Blanchardstown Dublin 15;EA5267;+353872215017;kieronbyrnes@consolidated.ie;https://www.consolidated.ie;Healthcare, Care
Dublin;Contax Limited;Jobcontax;104 Upper Drumcondra Road Drumcondra Dublin 9 D09 FP29;EA1866;+35317978720;;https://www.jobcontax.com;Engineering, Pharma, Construction, Architecture
Dublin;Core Talent RecruitmentInternational Ltd;Core Talent RecruitmentInternational Ltd;13 Adelaide Road St Kevins Dublin 2;EA5349;;;;Admin & Office, Construction, Hospitality
Dublin;Counter Products Marketing (Ireland) Limited;CPM Ireland;Unit C Cookstown Court, Penthouse Suite Cookstown Industrial Estate Dublin 24 D24 W668;EA1996;+35317080300;;https://www.cpm-int.com/;Sales, Marketing, Retail, Hospitality
Dublin;Cowley Brown Limited;Cowley Brown Recruitment;Bankhouse 331 South Circular Road Dublin 8 D08 VX36;EA4112;+35319695422;info@cowleybrown.com;https://www.cowleybrown.com;Healthcare, Pharma
Dublin;Cowley Recruitment;Cowley Recruitment;Cherry Lodge Cherry Hound The Ward Co. Dublin;EA5274;;;;General Recruitment, Hospitality, Driving
Dublin;Cpl Healthcare Ltd;;Ground Floor One Haddington Buildings Haddington Road Dublin 4 D04 X4C9;EA1673;+35316146000;info@cplhealthcare.com;https://cplhealthcare.com;Healthcare
Dublin;Cpl Solutions Limited;Thornshaw;Ground Floor One Haddington Buildings Haddington Road Dublin 4;EA1450;+35312784671;info@cpl.ie;https://www.cpl.com/ie;Pharma, Healthcare
Dublin;Cpl Solutions Ltd;Flexsource Solutions / Flexsource;Ground Floor One Haddington Buildings Haddington Road Dublin 4;EA1529;+35318295800;info@cpl.ie;https://www.flexsource.ie/;Industrial, Factory, Logistics & Warehousing, Driving
Dublin;Crew Source Limited;;Apartment 65, Block A2 Lansdowne Gate, Lansdowne Valley Long Mile Road Dublin 12;EA5191;+353899799560;info@crewsourcelimited.com;https://crewsourcelimited.com;Hospitality, Logistics & Warehousing
Dublin;Crewit Resourcing Ltd;;3015 Lake Drive Citywest Business Campus Dublin 24 Co. Dublin;EA4655;+35319020688;info@crewit.ie;https://crewitresourcing.com/;Construction, Industrial, Factory
Dublin;Crewlink Ireland Limited;;19 Grange Parade Baldoyle Industrial Estate Dublin 13 D13N29X;EA3419;+35318952065 | +35318952066;recruit@crewlink.ie;https://crewlink.ie;Aviation
Dublin;CRM-Crew Resources Management Ltd;;Suite 3 One Earlsfort Centre Lower Hatch Street Dublin 2;EA5330;;;;Tech & Data Science, Finance & Accounting, Supply Chain, Management
Dublin;Crossell Limited;;Unit G7 Centrepoint Business Park Oak Road Dublin 12;EA2240;+35314603884;info@crossell.ie;https://crossell.ie;Sales, Marketing
Dublin;CSR Staffing Ltd;Circle Talent;Landscape House Baldonnel Business Park Baldonnel Dublin 22 D22 P3PK;EA5390;;;;Logistics & Warehousing, Admin & Office, Hospitality, Construction
Dublin;Curnow Ireland Limited;Curnow Ireland Limited;Fitzwilliam Hall Fitzwilliam Place Dublin 2;EA3881;;;;HR, General Recruitment, Consultancy
Dublin;Daksta (Ireland) Limited;;Ormond Building 31-36 Ormond Quay Upper Dublin 7;EA4219;+35315398480;;https://www.daksta.com/;Healthcare, Construction, Engineering, Tech & Data Science
Dublin;Dame Care Recruitment Ltd;Dame Care;26/27 Upper Pembroke Street Dublin 2 D02X361;EA5372;;;https://damecarerecruitmentagency.com/;Healthcare, Care
Dublin;Darwin Hawkins Limited;;41 Leeson Street Lower Dublin 2 D02 R968;EA4300;+35315294200;info@darwinhawkins.com;https://www.darwinhawkins.com/;Finance & Accounting, Accounting, Board level
Dublin;Datashri Consultants Ireland Limited;Datashri Consultants Ireland Limited;The Basement Waterloo Exchange Co. Dublin D04 E5W7;EA5290;+353892024577;;https://datashri.tworuns.com/;Tech & Data Science, Admin & Office, General Recruitment
Dublin;Davis Nolan Limited;Next Generation;38/39 Baggot Street Lower Dublin 2 D02 TP38;EA3278;+35316629120;enquiries@nextgeneration.ie;https://nextgeneration.ie;Tech & Data Science, Supply Chain, Healthcare
Dublin;Dedicare Healthcare Limited;;The Black Church St Mary's Place Dublin 7 D07 P4AX;EA4603;;;https://www.dedicaregroup.com/en/;Healthcare
Dublin;Deena Energy Services Ltd;Deena Energy;1-2 High Street Balbriggan Co. Dublin K32 DD40;EA4303;+35318410470;info@deenaenergy.com;https://deenaenergy.com;Cleaning, Hospitality, General Recruitment
Dublin;Direct Aero Services Limited;Direct Aero Services Ltd.;Office Suite F6, Unit 2 Holywell Commercial Centre Swords Co. Dublin K67 E7W6;EA1585;+353863857600;info@directaeroservices.com;https://www.directaviation.aero/services/;Aviation, Technical, Industrial
Dublin;Direct Personnel International Limited;Direct Personnel International Ltd.;Office Suite F6 Unit 2 Holywell Commercial Centre Swords Co. Dublin K67 E7W6;EA1173;+35318138400;fly@directpersonnel.com;https://www.directaviation.aero/personnel/;Aviation, General Recruitment
Dublin;Domino HR Ireland Limited;Domino HR Ireland Limited;5th Floor Rear Connaught House 1 Burlington Road Dublin 4;EA5225;+35315645863;info@domino-hr.ie;https://domino-rh.com/agences/domino-hr-dublin/;Healthcare, Admin & Office, Cleaning
Dublin;Drew Consulting Limited;Drew Consulting;Pembroke Hall 38/39 Fitzwilliam Square Dublin 2 D02NX53;EA4027;+353858250130;info@drewconsulting.ie;https://drewconsulting.ie;Architecture, Construction, Engineering
Dublin;Duffy Alexander Recruitment Limited;;The Mews Sunbury Court Dartry Road Dublin 6 D06FP93;EA4493;+35315981798 | +353860331993;info@duffyalexander.ie;https://duffyalexander.ie;Healthcare
Dublin;Dun Laoghaire Powerboat School Ltd;;West Pier Dun Laoghaire Co. Dublin A96A7K7;EA4778;+35312804422 | +35312804423;info@powerboatschool.ie;https://powerboatschool.ie;Maritime, Education
Dublin;E-Frontiers Limited;;DoCentre 12 Camden Row Dublin 8 D08 R9CN;EA3094;+35316854000;colm.costello@e-frontiers.ie | info@e-frontiers.ie;https://e-frontiers.ie;Tech & Data Science, Business Services, Finance & Accounting, Contracting
Dublin;E-Solutions Systech (Ireland) Limited;E-Solutions Systech (Ireland) Limited;The Gables 1 Torquay Rd Foxrock Co. Dublin D18A2N7;EA5209;;info.india@e-solutionsinc.com;https://e-solutionsinc.com;Tech & Data Science, General Recruitment
Dublin;Eagle Global Recruitment;Eagle Global Recruitment;57 Clontarf Road Dublin 3 D03A7P0;EA5359;;carolmcgrath@eaglerecruitment.ie;;Hospitality, Cleaning, Healthcare
Dublin;Eastline Service Agency Limited;;Unit K23 Drinan Enterprise Centre Swords Enterprise Park Feltrim Road, Swords Co. Dublin;EA4176;;;;Cleaning, Care, General Recruitment
Dublin;Easy Payroll Global Limited;;57 Amiens Street Dublin 1 D01 YY11;EA4770;+353879188907;;https://www.easypayroll.ie/;HR, General Recruitment
Dublin;Edel Lynam;M Recruitment Luxury Household;38 Vernon Park Clontarf Dublin 3 D03 PF29;EA5121;+35315155396;edel@mrecruitmentluxuryhousehold.ie | office@mrecruitmentluxuryhousehold.ie;https://www.mrecruitment.ie;Care
Dublin;Eden Recruitment Limited;;20 Essex Street East Temple Bar Dublin 2;EA1531;+35314744500;jobs@edenrecruitment.ie;https://www.edenrecruitment.ie;Tech & Data Science, Admin & Office, Finance & Accounting, Healthcare
Dublin;Elevate Search & Recruitment Ltd;Elevate Executive Selection;Ashford Lower Glenageary Road Glenageary Co. Dublin;EA3436;+353872428584;james@elevateselection.ie;https://www.elevateselection.ie/;Board level
Dublin;Elgin Talent Partners Limited;Elgin Executive Search;64 Dame Street Dublin 2;EA3910;+35314433300;info@elginsearch.com;https://www.elginsearch.com;Finance & Accounting, Legal, Board level
Dublin;Elusav Limited;Elusav Recruitment;30 Fitzwilliam Street Upper Dublin 2 D02X205;EA4668;+35361531485;;https://www.elusav.com/;Construction, Healthcare, Engineering
Dublin;Elwood Roberts Ltd;Elwood Roberts;Unit 7, Stokes Court 7 Main Street Dundrum Dublin 14;EA5350;;robert@elwoodroberts.com;https://elwoodroberts.com/;Legal, Board level
Dublin;EMEA Legal Ltd;;5 Ballinteer Park Ballinteer Dundrum Dublin 16 D16 V820;EA4534;+35312909060;info@emea.legal;https://emea.legal/;Legal, Admin & Office
Dublin;EMEA Talents Consortium;;Sheldon Park Hotel 131 Kylemore Road Inchicore Dublin 12 D12 NCV9;EA5322;;;;Healthcare, Cleaning, Hospitality
Dublin;Emerald Locums Limited;Emerald Locums Limited;20 Harcourt Street Saint Kevins Dublin 2 D02PF99;EA5233;+353818485120;info@emeraldlocums.ie;https://emeraldlocums.ie;Healthcare
Dublin;Emerald Nursing Limited;Emerald Nursing;28-32 Pembroke Street Upper Co. Dublin D02NT28;EA4154;+353818485682;info@emeraldnursing.ie;https://emeraldnursing.ie;Healthcare, Care
Dublin;Emerald Technology;Emerald Technology Consulting Limited;38 Main Street Swords Co. Dublin;EA5367;+353818001598;info@emerald-technology.com;;Tech & Data Science, Sales
Dublin;Empleo;;20 Harcourt Street Dublin 2;EA5251;;;;Hospitality, Retail, Cleaning
Dublin;Emtech Recruitment Limited;;Adelaide House 90 Upper George's St Dun Laoghaire Co. Dublin A96 R8R9;EA4073;+35315461115;info@emtechrecruitment.ie;https://emtechrecruitment.ie;Engineering, Tech & Data Science
Dublin;Engage People Select Recruitment Ltd;Engage People;Herbert House South Point 11 Harmony Row Co. Dublin D02H270;EA4000;+35316994530;info@engagepeople.ie;https://engagepeople.ie;Finance & Accounting, Tech & Data Science, Management
Dublin;Entity Insights Limited;;75 Patrick Street Dun Laoghaire Co. Dublin;EA5313;;;;Tech & Data Science, Admin & Office, General Recruitment
Dublin;ErgoServices Limited;Ergo;1st Floor Block T Eastpoint Business Park Dublin 3;EA2312;+35318843200;info@ergotechnologygroup.com;https://ergotechnologygroup.com;Tech & Data Science, General Recruitment
Dublin;Essar Healthcare Limited;;49 Barnwell Woods Hansfield Co. Dublin D15 YW6F;EA4679;+35315242506;info@essarhealthcare.ie;https://essarhealthcare.ie/;Healthcare, Care
Dublin;Eteam Workforce Limited;;6-9 Trinity Street Dublin 2 D02 EY47;EA4240;+3539087570800;emeainfo@eteaminc.com;https://eteaminc.com;Tech & Data Science, General Recruitment, Admin & Office
Dublin;Europlan Personnel Services Limited;;Parkview House, Unit 2B Beechhill Office Campus Clonskeagh, Dublin 4;EA1120;+35312606578;info@europlanservices.com;https://europlanservices.com;Admin & Office, Finance & Accounting, General Recruitment, Tech & Data Science
Dublin;Evolution Care Solutions Limited;;Omega House Collinstown Co. Dublin K67EOA8;EA4811;+35315727045;info@evolutioncare.ie;https://evolutioncare.ie/;Healthcare, Care
Dublin;Exactest Ltd;Exactest;51/52 Fitzwilliam Square West Dublin 2;EA4357;+35315563040;info@exactest.ie;https://exactest.ie;Tech & Data Science, QA
Dublin;Excel Aviation Limited;;Broadmeadow Hall Applewood Village Swords Co. Dublin;EA3666;+35318131916;admin@excelaviation.ie;https://ExcelAviation.ie;Aviation
Dublin;Executive Edge Limited;;Suite 2017 Orchard Avenue Citywest Business Campus Co. Dublin D24 RHY6;EA1680;+35314663983;info@executiveedge.ie;https://executiveedge.ie;Admin & Office, HR, Sales, Finance & Accounting
Dublin;Expleo Technology Ireland Ltd;Expleo Technology Ireland Ltd;30 North Wall Quay IFSC Dublin 1 DO1R8H7;EA5278;+35316709916;;https://expleo.com/global/en/;Engineering, Tech & Data Science
Dublin;Exthras-Professional Staff Solutions;Exthras;13 Adelaide Road Dublin 2 D02P950;EA5296;+353892556556;;;Hospitality, Cleaning, Healthcare
Dublin;Ezra Placement Limited;;6 The Grange Kill Lane Blackrock Co. Dublin A94 A5D2;EA4967;+353872897945 | +353894318634;info@ezraplacement.com;https://ezraplacement.com;Care, Cleaning
Dublin;F2R-First 2 Rescource Limited;;One Earlsfort Centre Lower Hatch Street Dublin 2;EA5332;;info@first2resource.com;https://first2resource.com/;Hospitality, Retail, Admin & Office
Dublin;Facilitas Management Limited;Facilitas Management;10B Santry Business park Santry Dublin 9;EA3750;+353862719233;info@facilitas.ie;https://facilitas.ie;Facilities, Cleaning, Security
Dublin;Fahy Kelly International Limited;FK International;Pembroke Hall 38-39 Fitzwilliam Square Dublin 2 D02NX53;EA1149;+35316688060;info@fkinternational.com;https://www.fkinternational.com/;Finance & Accounting, Banking
Dublin;Fingal Language Institute Limited;Dalmac Recruitment & Aviation Services;19 Grange Parade Baldoyle Industrial Estate Dublin 13 D13N29X;EA1511;+35318437127;;https://dalmac.ie/;Aviation, Education
Dublin;Fionn Healthcare Ltd;;17 Maypark Malahide Road Dublin 5 D05Y4T8;EA4833;;;https://fionnhr.ie/;Healthcare, Care
Dublin;Firstaff Personnel Consultants Limited;;85-86 Grafton Street Dublin 2 D02 Y248;EA1002;+35316797766;angelad@firstaff.ie;https://firstaff.ie;Board level, Admin & Office, Tech & Data Science, Finance & Accounting
Dublin;Fitzwilliam Executive Search Limited;ICDS Recruitment Consultants;24 Upper Fitzwilliam St Dublin 2 D02N883;EA3657;+35316321200;info@icds.ie;https://recruitment.icds.ie/;Construction, Engineering, Board level
Dublin;Fraser Models and Actors Limited;;11 Herbert Street Dublin 2;EA3637;+35316624814;hello@fraser.ie;https://fraser.ie;Acting
Dublin;Furzeside Limited;GPC Finance;Unit 511, Q House Furze Road Sandyford Business Park Dublin 18 D18 YW88;EA4490;+35312078990; recruit@gpfinance.com;;Finance & Accounting, Construction
Dublin;Future Direct Professional Services Limited;Future Direct;6 Fern Road Sandyford Business Park Sandyford Dublin 18 D18FP98;EA5324;+35315134085;info@futuredirect.ie;https://www.futuredirect.ie;Cleaning, Facilities, Healthcare
Dublin;Future Home Care Specialist Ltd;;5 Fitzwilliam Sq Dublin 2;EA4841;+35319026555;info@futurecare.ie;https://futurecare.ie;Care, Healthcare
Dublin;FX2 Recruitment Limited;;6-9 Trinity Street Dublin 2 D02 EY47;EA3405;+35316121410;;https://www.fx2recruitment.com/;Healthcare, Hospitality, Admin & Office
Dublin;Gateway Recruitment Limited;Gateway Recruitment Limited;6 - 9 Trinity Street Dublin 2;EA3882;;contactus@gatewayrecruitment.ie;https://www.gatewayrecruitment.ie/job-search;Admin & Office, Cleaning, Retail
Dublin;Gecare Staffing Agency Limited;Gecare Staffing Agency;77 Camden Street Lower Saint Kevin's Dublin 2 D02 XE80;EA4507;+353899747951;;https://www.gecarestaffing.com;Healthcare, Care
Dublin;Gempool Limited;GemPool;The Arch, Block 3, Blackrock Business Park Blackrock Co. Dublin;EA3546;+35319136804;info@gempool.ie;https://gempool.ie;Tech & Data Science
Dublin;Gencat LTD;Gencat;18H Rosemount Park Drive Rosemount Business Park Ballycoolin Dublin 11 D11 EFR5;EA4325;+353872631440;info@gencat.ie;https://gencat.ie/;Construction, Engineering, Energy
Dublin;GHL Recruitment Limited;;124 Lower Baggot Street Dublin 2;EA1520;+35316610911;info@ghl.ie;https://www.ghl.ie;Admin & Office, HR, Legal
Dublin;Gibbs Hybrid (Ireland) Limited;Gibbs Hybrid Ireland;The Masonry 151-156 Thomas Street Dublin 9;EA4220;;;;General Recruitment, Tech & Data Science, Admin & Office
Dublin;Gilligan Black Recruitment Ltd;Gilligan Black Recruitment;39 Leeson Street Lower Dublin 2;EA2231;+35317999100;info@gilliganblack.ie;https://gilliganblack.ie/;Admin & Office, Sales, Legal
Dublin;Global Labour & Facilities Ltd;;Unit 2A Nangor Road Business Park Nangor Road Dublin 12;EA3955;+35316204578 | +353860261609;brian@globallabourforce.com;https://www.glf-ireland.com/;General Recruitment, Facilities, Cleaning
Dublin;Global Sights Innovation Ltd;Global Care;51 Bracken Road Sandyford Dublin 18;EA5047;+353899896178;;;Healthcare, General Recruitment, Care
Dublin;GlobalForce Resource Ltd;;13 Hampton Park St Helens Wood Booterstown Co. Dublin A94 H567;EA3535;+35312104526;info@globalforceresource.com;https://globalforceresource.com;Automotive, Factory, General Recruitment
Dublin;Globalization Partners Ireland Consulting Limited;;104 Lower Baggot Street Dublin 2 D02Y940;EA4104;;jmcguire@globalization-partners.com;https://www.globalization-partners.com/;HR, Remote
Dublin;GoGlobal BCS Europe Limited;;1st Floor The Liffey Trust Centre 117 - 126 Sheriff Street Upper Dublin 1 D01YC43;EA5241;;;;EOR, HR
Dublin;Greg O'Hanlon International Limited;;36 Fitzwilliam Square Dublin 2;EA4429;+353876003620;;;Factory, Technical, Supply Chain
Dublin;Grey Wave (Recruitment) Limited;Grey Wave Work Hub;77 Camden Street Lower Dublin 2;EA4536;;info@grey-wave.com | marc@grey-wave.com;https://grey-wave.com;General Recruitment, Coaching
Dublin;Greysea Recruitment Ltd;;8 The Mall Lucan Co. Dublin;EA5079;+353892770216;info@greysearecruitment.ie;https://greysearecruitment.ie;Hospitality, Cleaning, Admin & Office
Dublin;GS Agri Recruitment Ltd;GS International Recruitment;Glencullen House Kylemore Road Inchicore Dublin 10 D10 K729;EA4175;+353864120773;info@gsrecruit.com;https://gsrecruit.com;Agriculture, Factory, General Recruitment
Dublin;Hadfield Green Limited;Hadfield Green;WeWork 2 Dublin Landings North Dock Co. Dublin D01V4A3;EA4413;+353861580178;info@hadfieldgreen.com;https://www.hadfieldgreen.com/;ESG, General Recruitment
Dublin;Hans People Limited;Hans People Limited;13 Rathfarnham Road Terenure Road Co. Dublin D6W DK49;EA5403;;info@hanspeople.com;https://hanspeople.com/;Healthcare, General Recruitment
Dublin;Harborlink Ltd;Harborlink Global Talent Solutions Cert;Suite 201 Q House 76 Furze Road Sandyford Dublin 18;EA5282;;;;General Recruitment, Tech & Data Science, Sales
Dublin;Harris and Porter Recruitment Limited;HAP Solutions Group;Block 1 Ground Floor Millbank Business Park Lucan Co. Dublin K78 WP59;EA5019;;;;Hospitality
Dublin;Harvey Nash (Ireland) Limited;;Ella House 39-43 Merriona Square Dublin 2 D02NP96;EA1341;+35316741400;;https://www.harveynash.ie/;Tech & Data Science, Board level
Dublin;Hays Specialist Recruitment (Ireland) Limited;Hays Specialist Recruitment;26/27a Grafton Street Dublin 2 D02 HH24;EA1273;+35315710010;;https://www.hays.ie;Admin & Office, Engineering, Finance & Accounting, Healthcare
Dublin;Head Hunt International Limited;Head Hunt International;68 Harcourt Street Dublin 2 D02 C934;EA1033;+35314188188;sylviah@headhunt.ie;https://headhuntinternational.com/;Healthcare, Tech & Data Science, Sales, Admin & Office
Dublin;Headcount Solutions Limited;;4E Fingal Bay Business Park Balbriggan Co. Dublin K32 HN82;EA2274;+35316905040;info@headcount.ie;https://www.headcount.ie;Engineering, Facilities, Pharma
Dublin;Health Sector Talent Limited;HEALTHDAQ;Unit A6 Bymac Centre Northwest Business Park Dublin 15 D15 YC61;EA3929;+35318260692;contact@hst.health | dpo@healthdaq.com;https://healthdaq.com/;Healthcare, Tech & Data Science
Dublin;Hergreen Limited;M&C Ireland;19 Baggot Street Lower Co. Dublin D02X658;EA5110;+353139269390;;https://www.hergreen.co.uk;Hospitality, Retail, Logistics & Warehousing
Dublin;Hibernia Projects Limited;;2 Alexandra Terrace Rockfort Avenue Dalkey Co. Dublin A96H1W0;EA5167;;;;Construction, Admin & Office, Cleaning
Dublin;Hibernia Services Ltd;Eir Evo Talent;2 Heuston South Quarter St John's Road West Dublin 8 D08Y42N;EA3717;+35314396803;;;Tech & Data Science
Dublin;Hikantoes Limited;;32D Rosemount Business Park Ballycolin Dublin 15 D15 WA06;EA5061;;;;Cleaning, Hospitality, General Recruitment
Dublin;Hireforce Ltd;;3 Hampton Park St Helen's Wood Booterstown Co. Dublin A94W593;EA4748;+35312003124;info@hireforce.ie | robert.kennedy@hireforce.ie;https://hireforce.ie/;Construction, Cleaning, General Recruitment
Dublin;HKL Holding Ltd;1Medical;DOC Centre 12 Camden Court Dublin 8 D08R9CN;EA4597;+35316834110;info@hklco.com;https://www.1medical.ie/;Healthcare
Dublin;Honeycomb Jobs (Ireland) Ltd;Honeycomb Jobs;Fitzwilliam Hall, Fitzwilliam Place Dublin 2 D02T292;EA5243;+35316994538;clare.p@honeycomb.jobs | hive@honeycomb.jobs | louise.q@honeycomb.jobs;https://www.honeycomb.jobs/;Admin & Office, HR, Legal
Dublin;Horizon Blue Talent Consulting Limited;Horizon Blue Talent Consulting;16 Broadfield Close Broadfield Manor Rathcoole Dublin 24 D24 KH59;EA4214;+35319109928;;https://www.horizonbluetc.com/;Board level, Healthcare, Pharma, Finance & Accounting
Dublin;HQH Recruitment Ltd;;Unit 4, First Floor 84 Strand Street Skerries Co. Dublin K34 VW93;EA5158;;info@hqhrecruitment.ie;https://hqhrecruitment.ie;Retail, Admin & Office
Dublin;HR Hire Ltd;HR Hire;18 Domville Grove Killiney Co. Dublin;EA5379;+353877454659;;https://hrsearch.ie/;Hospitality, Retail, Cleaning
Dublin;HRM Recruitment Ltd;HRM;47 Fitzwilliam Square, Dublin 2 D02 W967;EA1140;+35316321800;info@hrmrecruit.com;https://hrmrecruit.com;Board level, Healthcare, HR, Supply Chain
Dublin;Hudson RPO Ireland Limited;Hudson RPO Ireland Limited;The Black Church St Mary's Place Dublin 7 D07P4AX;EA5316;+35316765722;;https://www.hudsonrpo.com/;General Recruitment, Admin & Office
Dublin;Hunter Savage (Ireland) Ltd;;38-39 Fitzwilliam Square Dublin 2 D02 NX53;EA4227;+35319069649;;https://www.huntersavage.com;Legal, Accounting, HR, Board level
Dublin;Ibeabuchi Arua Kalu;Mployus Personnel Services;Apartment 14 7 Station Hill Clongriffin Dublin 13 D13C966;EA5179;+353818900300;;;General Recruitment, Logistics & Warehousing, Cleaning
Dublin;IBM Ireland Limited;;IBM, We Work, Charlemount Exchange Block D Charlemont Street Dublin 2;EA4012;+35318154000;;https://research.ibm.com/labs/ireland | https://www.ibm.com;Tech & Data Science, Consultancy, Science
Dublin;ICDS Constructors Limited;ICDS Constructors (Ireland);24 Upper Fitzwilliam Street Dublin 2 D02N883;EA1912;+35316321200;info@icds.ie;https://constructors.icds.ie/;Construction, Engineering, Management
Dublin;Icon Holdings Clinical Research International Limited;;South County Business Park Leopardstown Dublin 18 D18 X5R3;EA4933;;;;Healthcare, Pharma
Dublin;IDM Ireland Dent Recruit Limited;Dent Recruit;59 Waterloo Lane Ballsbridge Dublin 4 D04X2K4;EA5182;;;https://www.dentrecruit.ie/;Dentistry, Healthcare
Dublin;Impact Healthcare Services Limited;Impact Healthcare Services Limited;29 Castlefield Woods Clonsilla Dublin Dublin 15 D15F5P5;EA4888;+35316404683 | +353868707138;;https://www.impacthealthcare.ie;Healthcare, Care
Dublin;Indeed Ireland Operations Ltd;;Block B, Capital Dock 80 Sir John Rogerson's Quay Grand Canal Dock Dublin 2 D02 HE36;EA4017;;;;Tech & Data Science, General Recruitment, Admin & Office
Dublin;Independent Clinical Services Ltd;Scottish Nursing Guild;3rd Floor 57 Adelaide Road Dublin 2 D02 Y3C6;EA4412;+35319023080;;https://nursingguild.com/;Healthcare
Dublin;Infcare Services Limited;Care Support Ireland;110 St James Wood South Circular Road Dublin 8 D08V029;EA5247;;;;Healthcare, Care
Dublin;Infoplus Technologies IE Limited;;The Black Church St Mary's Place Dublin 7 D07 P4AX;EA4440;;;;Tech & Data Science
Dublin;Inform 3 (ROI) Limited;;The Blackchurch St Marys Place Dublin 7;EA4430;+35315314886;michelle@inform3.com | office@inform3.com;https://inform3.com;Construction, Engineering, Tech & Data Science
Dublin;Infotree Global Limited;;Alexandra House The Sweepstakes Ballsbridge Co. Dublin D04 C7H2;EA4766;;info@infotreeglobal.com;https://www.infotreeglobal.com/;Healthcare, Tech & Data Science, Engineering
Dublin;Infounity Systems Ltd;Infountiy Systems Ltd;17 Taylor Hill Wood Balbriggan Co. Dublin K32AX50;EA5310;;;;Tech & Data Science, General Recruitment
Dublin;Innopharma Technology Ltd;Innopharma Technical Services;Raverscourt Business Park Three Rock Road Sandyford Dublin 18;EA5058;+35316950162 | +35316950163;admissions@innopharmalabs.com | info@innopharmatechnology.com;;Pharma, Engineering
Dublin;Innovative Employee Solutions Ireland Ltd;;Regus Block 1 Blanchardstown Corporate Park Ballycoolen Road Dublin 15 D15 AKK1;EA5095;;;;EOR, HR, General Recruitment
Dublin;Insource People Company Limited;Insource Recruitment;Regus Pembroke House 28-32 Pembroke Street Upper Dublin 2 D02NT28;EA3972;+353867777868;;http://www.insource.ie/;Admin & Office, Tech & Data Science, Healthcare
Dublin;Inspire Altra Ireland Limited;;5 Hollywoodrath Drive Hollystown Dublin 15 D15V8NN;EA4547;+353892475818;;https://inspireireland.eu/;Care, Healthcare
Dublin;Institute of Chartered Accountants in Ireland;Chartered Accountants Ireland;Chartered Accountants House 47-49 Pearse Street Dublin 2;EA1181;+35316377200;info@charteredaccountants.ie;https://www.charteredaccountants.ie;Finance & Accounting, General Recruitment
Dublin;Interval Consulting Ltd;;Office 2 12A Lower Main Street Lucan Co. Dublin K78 X5P8;EA5130;;;https://www.intervalgroup.com/;Admin & Office, HR
Dublin;Intuiwork;Intuiwork;49 - 50 Coleraine Street Co. Dublin D07XW62;EA5381;;;;Hospitality, Admin & Office
Dublin;Iona Forte Ltd;HRP Group;26 Upper Pembroke Street Dublin 20 D02 X361;EA3587;+35316760006;info@hrpgroup.ie;https://hrpgroup.ie;Board level, HR, Admin & Office
Dublin;IPSUS Technologies Ltd;;Regus House Harcourt Centre Harcourt Road Dublin 2 D02 HW77;EA2241;+35314773401;;https://ipsus.com;Tech & Data Science
Dublin;Ireland Training and Translations T&T Limited;Ireland T& T Ltd;Unit 11C Parkmore Industrial Estate Long Mile Road Dublin 12 D12RH39;EA5369;+35314604829;info@irelandtt.com;https://irelandtt.com;Interpreting, Admin & Office
Dublin;Irewil Care Limited;;Block 1, Blanchardstown Corporate Park Ballycoolen Road Co. Dublin D15AKK1;EA5299;+35312645066 | +353834800169;;https://www.irewilcare.ie/;Care, Healthcare
Dublin;Iris Nursing Limited;;53 Kylemore Avenue Ballyfermot Dublin 10 D10Y628;EA4974;+353851853541;info@irisnursing.com;https://irisnursing.com;Healthcare, Care
Dublin;Iris Thaumas Ltd;;20 Harcourt Street Dublin 2 D02 H364;EA5256;;;;General Recruitment, HR, Finance & Accounting, Tech & Data Science
Dublin;Irish Dental Jobs Ltd;Irish Dental Jobs;52 Delvin Banks Naul Co. Dublin K32 F670;EA3754;+35318494070;info@irishdentaljobs.ie;https://irishdentaljobs.ie;Dentistry, Admin & Office
Dublin;Irish Recruitment Consultants Limited;;c/o Ogier Global (Ireland) Ltd Investment House 8-34 Percy Place Dublin 4 D04 P5K3;EA1048;+35316610644;;https://jobs.guidantglobal.com/clients/irc;Finance & Accounting, Admin & Office, General Recruitment, Tech & Data Science
Dublin;Irish School of Motoring Ltd;ISM Recruitment;Jamestown Business Centre Finglas Dublin 11 D11X853;EA3659;+35318912330;info@ism.ie | recruitment@ism.ie;https://www.ism.ie;Driving, Logistics & Warehousing, Admin & Office
Dublin;Isource Recruitment Limited;;The Terenure Enterprise Centre 17 Rathfarnham Road Terenure DDW YW11 Dublin 6W;EA4144;;;https://isourcerecruitment.ie/;Healthcare, General Recruitment, Admin & Office
Dublin;ITM Healthcare Ltd;ITM Staffing limited;3 Dublin Landings North Wall Quay Dublin 1;EA5097;+35315788087;;https://www.itmstaffing.co.uk/;Healthcare
Dublin;I.T. Alliance Group Limited;I.T Alliance Resourcing Services;12c Joyce Way Park West Business Park Dublin 12;EA3640;+35318690200;;https://www.itallianceresourcingservices.com/;Tech & Data Science, Industrial, General Recruitment
Dublin;James Ajimo Owala;CJ Care Solutions;69 New Haven Bay Balbriggan K23 CX46 Co. Dublin;EA4015;;info@cjcaresolutions.ie;https://cjcaresolutions.ie/;Care, Healthcare
Dublin;Janette Purcell Consulting Ltd;Talentcru;34 Bayview Close Killiney Co. Dublin;EA4935;;;;Tech & Data Science, HR, General Recruitment
Dublin;Jimson Kaiparampattu James;Kate Hamilton International Healthcare;C4 Swords Enterprise Park Feltrim Road Swords Co. Dublin KC7HC44;EA4375;+35314370322;;https://katehamilton.ie/;Healthcare
Dublin;JJK Personnel Ireland Ltd;Falcon Green;Office 128 Digital Office Center Balyheary Road Swords Co. Dublin K67 E5A0;EA4448;+35314470409;;https://www.falcongreen.com/;Construction, Engineering, General Recruitment
Dublin;Joamerican Consultancy Ltd;;Swords Enterprise Park C4, Feltrim Rod Swords Co. Dublin;EA4750;+353874057098;info@joconsultancy.ie;https://joconsultancy.ie/;General Recruitment, Cleaning, Healthcare
Dublin;Job Catch Recruitment Limited;Job Catch Recruitment;Unit 118 Baldoyle Industrial Estate Grange Hill Dublin 13;EA4953;;;;Industrial, Logistics & Warehousing, Admin & Office
Dublin;Jubina Ltd;Jubina Recruitment Agency;Seven Oak 4 Apt Oakhouse Sarsfield Road Dublin 10 D10FX26;EA4753;+35319682445;info@jubina.com;https://jubina.com;Healthcare, Care, Hospitality
Dublin;Judmar Consulting Ltd;;83 Monkstown Road Monkstown Dublin Co. Dublin A94A5Y9;EA4899;;info@judmar.ie;https://judmar.ie;Admin & Office, Healthcare
Dublin;Kaizen Workforce Solutions Limited;;85/86 Grafton Street Dublin 2;EA3054;+35316729000;info@kaizenworkforcesolutions.com | tracy@kaizenworkforcesolutions.com;https://kaizenworkforcesolutions.com;Logistics & Warehousing, Retail, Factory
Dublin;Kamiq Recruitment Limited;;13 Keane Hall Collegewood Castleknock Dublin 15 D15K3VK;EA4779;;sorin@kamiqrecruitment.com;https://kamiqrecruitment.com/;Healthcare, CareCare, Hospitality
Dublin;Karenbridge Associates Ltd;The Panel;21 Northumberland Road Ballsbridge Dublin 4 D04 H2Y4;EA1066;+35316377000;;https://thepanel.com/;Accounting, Legal, HR, Finance & Accounting
Dublin;Katakey Consulting;;77 Camden Street Lower Dublin Co. Dublin D02 XE80;EA5280;+353858045855;kpoberezhets@katakeyconsulting.com;https://katakeyconsulting.com;Admin & Office, Healthcare
Dublin;Kate Cowhig International Healthcare Limited;;Ground Floor One Haddington Buildings Haddington Road Dublin 4;EA1124;+35316715557;;https://kcr.ie/;Healthcare
Dublin;Kearney Placement Consultants Limited;GKR Search & Selection;26/27 Upper Pembroke Street Dublin 2 D02 X361;EA1834;+35316769008;;https://www.gkr.ie/;Promotions, Finance & Accounting, Admin & Office, Legal
Dublin;Kedal Resources Ltd;Kedal Resources Limited;Unit 9, Block C Cashel Business Centre Cashel Road Dublin 12 D12 X720;EA4258;+353876815787;;https://kedalresources.com/;Logistics & Warehousing, Cleaning, Security
Dublin;Kevin Cleary;Macintosh Recruitment;Unit 3 Malahide Marina Malahide Co. Dublin K36 W540;EA5100;+353860626240;info@macintoshrecruitment.com;https://macintoshrecruitment.com/;Hospitality
Dublin;Kobe Goodboy Limited;Holmes Talent;8 Eden Park Mews Glastule Co. Dublin A96HF10;EA5273;;stephen@holmestalent.com;https://www.holmestalent.com/;Sales, Marketing, Tech & Data Science, HR
Dublin;Korn Ferry (IE) Limited;;Newmount House 22-24 Lower Mount Street Dublin 2 D02 Y759;EA4350;+35312344300;dan.gugler@kornferry.com | david.phelan@kornferry.com;https://kornferry.com;Board level, HR, General Recruitment
Dublin;KPMG Ireland;KPMG Ireland;1 Stokes Place St Stephens Green Co. Dublin;EA5314;;;;Finance & Accounting, Audit, Legal, Consultancy
Dublin;KWW Recruitment Ltd;FS Recruitment;16 Glenvara Park Knocklyon Dublin 16 D16YH66;EA4649;+353877964804;info@fsrecruitment.ie;https://www.fsrecruitment.ie/;Finance & Accounting, Insurance, Admin & Office
Dublin;K&K Swift Recruitment Ltd;;Ground Floor 71 Lower Baggot Street Dublin 2 D02P593;EA4757;+353870619830;info@kkrecruitment.ie;https://kkrecruitment.ie/;General Recruitment, Industrial, Cleaning
Dublin;K.E.D.S Consultants Ltd;Drinks2U;New Work Junction 11 Wynnefield Road Rathmines Dublin 6 D06 F9C1;EA4321;;;https://www.drinks2u.ie/;Logistics & Warehousing, Driving
Dublin;Lancesoft Limited;;Harcourt Centre Harcourt Road Dublin 2 D02HW77;EA5144;;;https://lancesoft.in/;Tech & Data Science, Healthcare, Engineering
Dublin;Lansdowne Executive Search Limited;Lansdowne Executive Search;Hamilton House 28 Fitzwilliam Place Dublin 2 D02 P283;EA3858;+35315490066 | +353877961062;enquiries@lansdownesearch.ie;https://lansdownesearch.ie;Board level, Consulting
Dublin;Lastel Limited;Lastel Recruitment;18 Fairway Hall Abbot Drive Cualanor Dun Laoghaire, Co. Dublin A96 X31C;EA4346;+353834799356;info@lastel.ie;https://lastel.ie/;Healthcare, Care, General Recruitment
Dublin;LB 360 Search Limited;360 Search;The Garrison 31-32 Leeson Street Lower Dublin 2 D02 KA62;EA3523;+35316344990;info@360search.ie;https://360search.ie;Insurance, Finance & Accounting
Dublin;Learghusa Limited;Learghusa Employment International;213 Swords Road Whitehall Dublin 9 Co. Dublin D09 VF70;EA4433;+35318101610;admin@learghusa.com;http://learghusa.com/index.html;Hospitality, Healthcare, Retail
Dublin;Lee Hecht Harrison Ireland Limited;LHH Recruitment Solutions;Suite 204 10 Ely Place Co. Dublin D02HR98;EA5352;+35316731540;;https://www.lhh.com/uk/en/;Board level, Career, HR, Consulting
Dublin;Lex Consultancy Limited;;15-17 South Leinster Street Dublin 2 D02 CY95;EA3252;+35316628990;info@lexconsultancy.ie;https://lexconsultancy.ie;Legal, Admin & Office, Public, Finance & Accounting
Dublin;Liberty Networks Ltd;Brightmove;Carlisle Building 51 Bracken Road Sandyford Business Park Co. Dublin D18 CV48;EA4964;+35319026608;;https://brightmove.ie/;Tech & Data Science, Admin & Office
Dublin;Linart Career Solutions Limited;;602 Cube 1 Beacon South Quarter Sandyford Dublin 18 D18DD50;EA5162;;;;Healthcare, Cleaning, Admin & Office
Dublin;Lincoln Healthcare & Training Ltd;Medforce;5 Fitzwilliam Square East Dublin 2;EA5029;+35319637070;info@medforce.ie;https://medforce.ie/;Healthcare, Care
Dublin;Lincoln Search & Selection Limited;Lincoln Recruitment Specialists;5 Fitzswilliam Square Dublin 2 D02R744;EA3366;+35316610444;info@lincoln.ie;https://lincoln.ie/;Finance & Accounting, Legal, Marketing
Dublin;Local Jobs Limited;Celtic Careers;Unit G, Ground Floor Offices Citywest Shopping Centre Tallaght Dublin 24 D24 FA07;EA3470;+35316278750;info@celticcareers.com;https://www.celticcareers.ie/;Admin & Office, HR
Dublin;Locstok Construction Limited;;Apt 11 Blackrock House 28 Newtown Ave Blackrock Co. Dublin A94RF70;EA4938;;;;Construction, General Recruitment
Dublin;Locumlink Associates Limited;;32 Ranelagh Road Ranelagh Dublin 6;EA2362;+35314956666;info@locumlink.ie;https://locumlink.ie;Healthcare
Dublin;Locumotion Limited;;Floor 7 RSA House Dundrum Town Centre Sandyford Road Dundrum Dublin 16 D16 FC92;EA1611;+35312993550;info@locumotion.com;https://www.locumotion.com;Healthcare
Dublin;Logiskills Limited;The Logiskills Group;Suite 4 Baldoyle House 111 Grange Way Baldoyle Dublin 13;EA2181;+35318326330;info@logiskills.ie;https://logiskills.ie;Supply Chain, Logistics & Warehousing, Factory, Engineering
Dublin;Lourmel Limited;Xtra Nursing Agency;19A Montague Street Dublin 2 DO2 TRT2;EA4153;+35315685178;;https://www.xtranursingagency.ie/;Healthcare
Dublin;Magnit Global UK Limited;Magnit Global UK Limited;Paramount Court Carrig Road Sandyford Business Park Dublin 18 D18 R9C7;EA3744;;;;General Recruitment, Tech & Data Science
Dublin;Magnit Global UK WFQLimited;Magnit Global UK WFQ Limited;Paramount Court Corrig Road Sandyford Business Park Dublin 18 D18R9C7;EA4034;;;;
Dublin;Management Support Services (Ireland) Limited;MSS Recruitment;The Courtyard Hill Street Dublin 1;EA1044;+35318870690;recruitment@mssthehrpeople.ie;https://www.mssthehrpeople.ie;Cleaning, Facilities, Admin & Office
Dublin;Manpower Group (Ireland) Limited;Manpower Group Ireland;The Masonry 151 Thomas Street Co. Dublin D08PY5E;EA1001;+35316455200;info@manpower.ie;https://www.manpower.ie/;Admin & Office, Tech & Data Science, Finance & Accounting, Industrial
Dublin;Mapas Recruitment;;91 Avondale Road Killiney Co. Dublin;EA5397;;;;Hospitality, Healthcare, Admin & Office
Dublin;Marketing Career Recruitment Ltd;Marketing Career Recruitment;21 Northumberland Road Dublin 4 D04 H2Y4;EA3457;;;;Marketing, Sales, Admin & Office
Dublin;Marketing People Limited;The People Group;4 Clanwilliam Square Dublin 2;EA1682;+35316619636;admin@peoplegroup.ie;https://PeopleGroup.ie;Marketing, Sales, Tech & Data Science, FMCG
Dublin;Marks Sattin (UK) Ltd;Marks Sattin;Smyth House 6-7 St Stephens Street Stephens Green Co. Dublin D02X827;EA3308;+35314311349;dublin@markssattin.com;https://markssattin.co.uk;Finance & Accounting, Consulting, Admin & Office
Dublin;Mason Alexander Limited;Mason Alexander;Smyth House 6-7 St Stephens Green Dublin 2 D02 X827;EA3668;+35316854414;hello@masonalexander.ie;https://www.masonalexander.ie/;Board level, Finance & Accounting, Tech & Data Science, HR
Dublin;Matchmedics Limited;;10B Santry Business Park Santry Dublin 9;EA4039;+353877584592;info@matchmedics.com;https://matchmedics.com;Healthcare
Dublin;Matthew Lifeline Agency Ltd;;8 Belfield Park Stillorgan Road Booterstown Co. Dublin A94DD99;EA5196;;;;Care, Healthcare
Dublin;Mazars;;Block 3 Harcourt Centre Harcourt Road Dublin 2;EA3784;+35314494400;;https://www.forvismazars.com/ie/en;Audit, Advisory, Finance & Accounting, Consultancy
Dublin;McEvoy Associates Limited;Signium;130 Rathgar Road Dublin 6 D06 KF22;EA1230;+35314966500;;https://www.signium.com/?xfc=ie;Board level, Legal, Healthcare
Dublin;MCR Outsourcing Limited;MCR Group;Unit 4-5 The Capel Building Dublin 7 D07 Y318;EA1518;+35318899100;info@mcrgroup.ie;https://mcrgroup.ie;Security, Cleaning, Construction, Industrial
Dublin;MCS Specialist Recruitment (Ireland) Limited;;6-9 Trinity Street Dublin 2 D02 EY47;EA5163;+35319069574;info@mcsgroup.jobs | ireland@mcsgroup.jobs;https://www.mcsgroup.jobs/;Tech & Data Science, Legal, Finance & Accounting, Sales
Dublin;Med Doc Healthcare Ltd;Med Doc;Pembroke Hall 3 - 4 Pembroke Street Upper Dublin 2 D02 VN24;EA4248;+35319011306;gp@meddoc.ie;https://meddoc.ie;Healthcare
Dublin;Medacs Global Group Limited;Global Medics;Block 9 Blackrock Business Park Blackrock Co. Dublin A94 E4X2;EA3125;+35312020240;info@globalmedics.ie;https://www.globalmedics.com/contact-us/locations/;Healthcare
Dublin;Medgen Healthcare Ireland Limited;;71 Lower Baggot Street Dublin 2 D02 P593;EA5203;+35314851287;;https://www.medgen.ie/;Healthcare
Dublin;Medlocums Recruitment Ltd;Medlocums Recruitment;Sky Business Centres 57 Clontarf Road Dublin 3 D03A7P0;EA5294;;;;Healthcare
Dublin;Meghen Group Ltd;WeHire Ltd;Marina Village Co. Dublin K36 CX99;EA3998;;;;Tech & Data Science, Sales, General Recruitment, Finance & Accounting
Dublin;Mentor Talent Acquisition Limited;;No. 1 Airton Road Tallaght Dublin 24;EA3900;;info@mentortalent.ie | job@mentortalent.ie;https://mentortalent.ie;Tech & Data Science
Dublin;Meo Healthcare Ltd;Meo Healthcare;51 Bracken Road Sandyford Business Park Co. Dublin D18 C448;EA5062;;;;Healthcare, Care
Dublin;Mercer Premier Services Limited;Tiger Recruitment Services;4 Herbert Place Dublin 2 D02 WY46;EA1909;+35316111524;;https://tiger-recruitment.com/;Admin & Office, HR, Finance & Accounting, Tech & Data Science
Dublin;Methodius Limited;;33 Wicklow Street Dublin 2;EA1993;+35316351748;david@methodius.com | info@methodius.com;https://www.methodius.com;Cleaning, Hospitality, General Recruitment
Dublin;Metis Recruit Limited;;Clonmel House Forster Way Swords Co. Dublin K67 F2K3;EA4570;+353871828549;careers@metisrecruit.com;https://metisrecruit.ie;Healthcare, EHS
Dublin;Michael J. Walshe & Company Limited;Michael J. Walshe & Company Limited;11 Greygates Mount Merrion Blackrock Co. Dublin A94 P3C9;EA3973;;;;Admin & Office, Board level
Dublin;Michael O Connor (MOC);EHS Consulting & Recruitment;Highground Glenaraneen Brittas Co. Dublin;EA5401;;;;EHS, Consultancy, Security
Dublin;Microwins Recruitment International Ltd;Microwins Recruitment International Ltd;Hardcourt Center Block 4 Hardcourt Road Dublin 2 DO2H W77;EA5318;;;;Healthcare, Care
Dublin;Mirual Limited;Mirual Limited;6 Liffey Drive Liffey Valley Park Lucan Co. Dublin K78R129;EA4406;+35316300292 | +353857801357;;;Cleaning, Healthcare, General Recruitment
Dublin;Momentum Capital Projects Ltd;;38/39 Fitzwilliam Square Dublin 2;EA4157;+35312343100;;;Construction, Engineering, Admin & Office
Dublin;Montclare Executive Recruitment Limited;;Killiney Co. Dublin A96 P5F1;EA4866;+35314428430;;https://www.montclareexecutive.ie/;Board level, Finance & Accounting, HR
Dublin;MPR Recruitment Limited;MPR Recruitment Limited;Carlisle Building 51 Bracken Road Sandyford Business Estate Dublin 18 D18 CV48;EA4283;+35315645480;;;Admin & Office, Finance & Accounting, Board level
Dublin;Muve People Ireland Limited;;8/9 Westmoreland Street Co. Dublin D02Y889;EA4907;+3531800816465;;https://muvehealthcare.ie/;Facilities, Security, Cleaning, Hospitality
Dublin;Needle Search Ltd;Needl;14 Whitefriars Aungier Street Dublin 2;EA3686;+353867938344;;https://needlsearch.io/;Tech & Data Science, Factory, Engineering
Dublin;NES Global Talent Limited;NES Fircroft;The Black Church St Mary's Place Dublin 7 D07 P4AX;EA5046;+35345833466;;https://careers.nesfircroft.com/;Engineering, Energy, Healthcare
Dublin;Net2Source Global Workforce Solutions Ltd;;Inniscarra Main Steet Rathcoole Co. Dublin D24 E029;EA4533;+35315752933;;;Tech & Data Science, Engineering, General Recruitment, Remote
Dublin;New Change Provider Limited;;Spaces 1st Floor Building Two The Green Dublin Airport Central Dublin Airport Swords Co. Dublin;EA4904;;;;HR, Admin & Office
Dublin;Next Level Contruction Ltd;;Unit 2B Parkside House Blakestown Road Huntstown, Mulhuddart Co. Dublin;EA5263;;;;
Dublin;Nicoll Curtin Technology Europe Limited;;38 Main Street Swords Co. Dublin K67E0A2;EA4485;+35315920780;;https://www.nicollcurtin.com/;Tech & Data Science, Finance & Accounting
Dublin;Nine Dots Recruitment Ltd;NineDots Technology Recruitment;19-22 Baggot Street Lower Dublin 2 D02 X658;EA4226;+353861502307;info@ninedots.io;https://ninedots.io/;Tech & Data Science, Factory, Engineering
Dublin;Nineteen Talent Solutions;Nineteen Talent Solutions;Apt 19 New Bancroft Hall Tallaght Dublin 24;EA5248;;info@nineteentalentsolutions.com;https://nineteentalentsolutions.com/;Admin & Office, Logistics & Warehousing, Retail, General Recruitment
Dublin;Nissi Healthcare Ltd;;Suite 10791 26/27 Pembroke Street Dublin 2 D02X361;EA5172;+353899829241;info@nissihealthcareire.com;https://nissihomecare.com/;Healthcare, Care
Dublin;Nobox Outsourcing Limited;;19 Grange Parade Baldoyle Industrial Estate Dublin 13 D13N29X;EA3889;+35312530795;hello@nobox.ie;https://nobox.ie;Aviation, Driving, General Recruitment
Dublin;NOC Limited;Nurse On Call;16 Harcourt Street Dublin 2, DO2 NN29 Co. Dublin;EA1043;+35314965199;RegistrationAndCompliance@nurseoncall.ie;https://www.nurseoncall.ie/;Healthcare, EHS
Dublin;Noel O Dowd;Temple Hill Partners;1 Blackhall View Blackhall Place Dublin 7 D07 FR59;EA4689;+353866044245;noel@templehillpartners.com;https://templehillpartners.com/;Board level, Consulting
Dublin;Noel Recruitment (Citi North) Limited;;47 Dawson St, Dublin 2;EA3653;+35316779332;;https://noelgroup.ie;Hospitality, Admin & Office, Logistics & Warehousing, Retail
Dublin;Noel Recruitment (Ireland) Limited;;47 Dawson St Dublin 2;EA1409;+35316779332;;https://noelgroup.ie;General Recruitment, Hospitality, Retail
Dublin;Northway Personnel Ltd;;Unit 61A Grange Close Baldoyle Ind Estate Baldoyle Dublin 13;EA3930;;;;Construction, General Recruitment
Dublin;Nursecure Ltd;;53 Lower George Street Dun Laoghaire Co. Dublin A96 X7K2;EA4854;+353862159282;info@nursecure.ie;https://nursecure.ie;Healthcare, Care
Dublin;O'Connor Stephens Recruitment Partners Limited;Camden Recruitment Partners;1 Fitzwilliam Square Dublin 2;EA3960;+35315390615;hello@camden.ie;https://camden.ie/;Finance & Accounting, General Recruitment, Board level
Dublin;O'Curry Recruitment Limited;O'Curry Recruitment;Ground Floor 71 Baggot Street Lower Co. Dublin D02P593;EA4887;+35315241152;info@ocurry.ie;https://www.ocurryrecruiting.com/;Admin & Office, Finance & Accounting
Dublin;O'Malley Sorohan Ltd;;4 Waterloo Road Dublin 4 D04AOX3;EA3825;+353876473305;info@omalleysorohan.com;https://omalleysorohan.com;Board level, Public, Legal
Dublin;O'Neill & Brennan Limited;;Unit 2 Ballymount Business Park Lower Ballymount Road Dublin 12;EA1997;+35314569899;dublinstaff@oandb.ie;https://oneillandbrennan.com;Construction, General Recruitment, Management
Dublin;Obsidian Healthcare Ltd;;Bracetown Business Park Clonee Dublin 15 D15YDC1;EA5302;+35319026767;enquiries@obsidianhealthcare.ie;https://www.obsidianhealthcare.ie/;Healthcare
Dublin;OCA Aviation Ltd;;Unit K23 Drinan Enterprise Centre Swords Enterprise Park Feltrim Road Swords, Co. Dublin;EA3830;+35318928088;support@ocaaviation.com;https://ocaaviation.com/;Aviation, General Recruitment
Dublin;Office Talent Ltd;;62 Glenageary Park Glenageary Co. Dublin A96F6E5;EA4041;+353871360626;nikki.waller@officetalent.ie;http://officetalent.ie/;Admin & Office
Dublin;OJA Recruitment Limited;Oliver James Associates;10 Clanwilliam Square Grand Canal Quay Dublin 2;EA3591;+35315719700;ireland@oliverjames.com;https://www.oliverjames.com/;Insurance, Legal, Tech & Data Science, Finance & Accounting
Dublin;Oliver Placement Ltd;;Office 39 GD House Whitestown Drive Tallaght Business Park Dublin 24;EA3791;;;;Healthcare, Cleaning
Dublin;Ontario Recruitment Ltd;The Panel;21 Northumberland Road Ballsbridge Dublin 4. Co. Dublin D04 H2Y4;EA3735;+35316377000;info@thepanel.com;https://thepanel.com;Accounting, Legal, Finance & Accounting, Tech & Data Science
Dublin;Opalus Healthcare Limited;;Balheary Road Sword Co. Dublin;EA5285;;info@opalushealthcare.ie;https://opalus.ie;Healthcare
Dublin;Oradeo Limited;;Unit 4 2050 Orchard Avenue Citywest Business Campus Dublin 24 D24Y079;EA3649;+35316877188;info@oradeo.com;https://oradeo.com;Engineering, Construction, Healthcare
Dublin;Orange Recruitment (Ireland) Ltd;;46 Dawson Street Dublin 2;EA3654;+35316170033;info@orangerecruitment.ie;https://www.orangerecruitment.ie;Healthcare, Admin & Office, Industrial, Finance & Accounting
Dublin;Origon Recruitment Ltd;;Mespil House Sussex Road Dublin 4 D04T4A6;EA3392;+35312314694;info@origon.ie;https://origon.ie;Finance & Accounting, Legal
Dublin;OTL Consulting Limited;OTL Consulting;Argyll 58 Shrewsbury Lawn Cabinteely Dublin 18 D18 A4V8;EA3553;+353876338160;gareth.owens@otlconsulting.ie;https://otlconsulting.ie/;Admin & Office, General Recruitment
Dublin;Outsource Staffing Solutions Ltd;OSS;G3 Riverview Business Park Nangor Road Dublin 12 D12 R623;EA3481;+35314605517;admin@osscompany.ie;https://www.osscompany.ie/;Industrial, Admin & Office, Logistics & Warehousing
Dublin;Owen O'Sullivan;PeopleBridge by William Fry;2 Grand Canal Square Dublin 2;EA4699;+35316395000;;https://www.williamfry.com/;Legal, Interim, Board level
Dublin;Oyster HR Ireland Limited;;Paramount Court Corrig Road Sandymount Business Park Co. Dublin D18 R9C7;EA4662;;hello@oysterhr.com;https://oysterhr.com;Remote, HR
Dublin;Parakar Ireland Limited;;38 Main Street Swords Co. Dublin K67E0A2;EA4063;+353768887039;;https://parakar.eu/;General Recruitment, HR
Dublin;Parc Aviation Limited;CAE Parc Aviation;Unit 2.1, Block 2 Woodford Business Park Santry Dublin 17 D17 E925;EA1024;+35318161777;;https://www.cae.com/;Aviation, Technical, General Recruitment
Dublin;Parker Stewart Limited;;60 Lower Baggot Street Dublin 2 D02 KP79;EA4659;+35316933477;contact@parkerstewart.ie;https://parkerstewart.ie;Banking, Legal, Admin & Office, Consulting
Dublin;Pathfinder Recruitment;;14 Butterdrive Priorswood Dublin 17 D17FY00;EA5311;;;;General Recruitment, Healthcare
Dublin;Pathway Training and Recruitment Limited;;Moritz House Oldcourt Centre Parklands Road Dublin 24;EA5149;+35316586808;info@pathwayrecruitment.ie;http://www.pathwaystosuccess.ie/;General Recruitment, Career, Entry-level
Dublin;Patrick Ekhator;Globalfamily Healthcare;159 Glasmore Park Swords Co. Dublin K67 X466;EA5195;;info@globalfamilyhealthcare.com;https://www.globalfamilyhealthcare.com/contact.html;Healthcare
Dublin;Performia Limited;Perform Recruitment;77 Camden Street Lower Dublin 2 D02 YE80;EA4690;+35319069522;contact@perform-recruitment.com;https://www.perform-recruitment.com/;Hospitality, Retail, Admin & Office
Dublin;Perrett Laver Ltd;;Suite 101 Grafter House 10 Ely Place Dublin 2 D02HR98;EA4165;;;https://perrettlaver.com/;Board level, Education, Public
Dublin;Peter McPartlin;The Indie List;267 North Circular Road Dublin 7;EA4540;;;https://indielist.ie/contact;Creative Freelance, Marketing, Admin & Office
Dublin;PharmaConex Limited;;Suite 312 The Capel Building Mary's Abbey Dublin 7 D07 KV07;EA3484;+35314853522;info@pharmaconex.com;https://pharmaconex.com;Pharma, Healthcare, General Recruitment
Dublin;PHC Care Management Limited;Private Homecare;Ground Floor One Haddington Buildings Haddington Road Dublin 4;EA3200;+35316219101;;https://www.privatehomecare.ie/contact-us/;Care, Healthcare
Dublin;Phire HR Limited;;6 Parkwood Ave Aylesbury Tallaght Dublin 24 D24 P03X;EA4847;;;;HR, Admin & Office
Dublin;Pilgrims Healthcare Pvt Ltd;Pilgrims Healtcare Limited;City Gate Business Centre Hills Industrial Estate Lower Lucan Road Co. Dublin;EA4647;+353871685007;;https://pilgrimshealthcareltd.com/;Healthcare, Care
Dublin;Pinelane Limited;Pinelane;No 7 Fitzwilliam Street Lower Dublin 2;EA4151;+35315242534;info@pinelane.ie;https://pinelane.ie;Admin & Office, Legal
Dublin;Pinnacle Search & Selection Limited;;12 Merrion Square Dublin 2 D02 H798;EA2197;+35312963861;info@mypinnacle.ie;https://mypinnacle.ie;Board level, Finance & Accounting, Legal, Sales
Dublin;Playroll Ireland Limited;;51 Bracken Road Sandyford Dublin 18;EA5072;;;;General Recruitment, Remote, HR
Dublin;PNM Vision Resource International;;298 Castlecurragh Heath Blanchardstown Dublin 15;EA5348;;;;Healthcare, General Recruitment
Dublin;Point One Business Heights Limited;;3 The Drive Pheasant Run Clonee Dublin 15 D15A4A8;EA4978;;;;Admin & Office, General Recruitment
Dublin;PortGael;PortGael Recruitment;92 Jade Brewery Road Stillorgan Co. Dublin;EA5366;;info@portgaelrecruitment.com;https://www.portgaelrecruitment.com/#contacts;Engineering, Technical, Management
Dublin;Post Seed Development Partners Ltd;PSD Partners;Fitzwilliam Hall 25-27 Fitzwilliam Place Dublin 2;EA3552;;info@psdpartners.com;https://www.psdpartners.com/contact/;Board level, General Recruitment
Dublin;PRC Confidential Limited;PRC Sales and Marketing Recruitment;11/12 Hatch Street Dublin 2;EA3849;+35319125419;info@prcrecruitment.ie;https://www.prcrecruitment.ie/;Sales, Marketing, Admin & Office
Dublin;Presto Nursing;Presto Nursing Limited;20 Harcourt St Dublin 2 Dublin 2 D02 H364;EA5212;;;;Healthcare, Care
Dublin;PricewaterhouseCoopers;;One Spencer Dock North Wall Quay Dublin 1;EA1029;+35317926000;;https://pwc.ie;General Recruitment, Consultancy, Finance & Accounting
Dublin;Prime Care Recruitment Limited;;32 The Ashes Santry Place Santry Dublin 9;EA4637;+353877958446;info@primecare.ie;https://primecare.ie;Healthcare
Dublin;Primtac Personnel Ltd;;1st Floor 10 Railway St Balbriggan Co. Dublin;EA3974;+35316905737;info@primtac.ie;https://primtacpersonnel.ie/contact-us/;Logistics & Warehousing, Admin & Office, Construction, Factory
Dublin;Principal Connections Ltd;;20 Harcourt Street Dublin 2 D02 H364;EA3855;+35317038888;;https://www.principalconnections.com/;Board level, Consulting
Dublin;Principle HR Limited;;8 Leeson Close Dublin 2 D02 KC98;EA1738;+353166767166;hello@principlehr.com;https://principlehr.com;HR, Admin & Office, Tech & Data Science, Finance & Accounting
Dublin;Prism Executive Ltd;;1 Rookstown House Thormanby Road Howth, Co Dublin Co. Dublin D13E528;EA4648;;;https://www.prismexecutivesearch.com/;Board level, General Recruitment
Dublin;Production Operations Limited;The Production People / Casting Ireland;Velford House 11 Merrion Square Dublin 2;EA2180;+35316343100;info@productionpeople.ie;https://productionpeople.ie/contact/;TV, Acting, Factory, Tech & Data Science
Dublin;Project Management Limited;PM Group;Kearney House Belgard Square Tallaght Dublin 24;EA1250;+35314040700;;https://www.pmgroup-global.com/;Engineering, Architecture, Pharma, Hospitality, Biotech
Dublin;Propeller Recruitment Limited;;22 Mount Argus Court Harolds Cross Dublin 6;EA4234;+353868786172;;https://www.propellerrecruitment.ie/;General Recruitment
Dublin;Proxsimo Recruitment Ltd;;1 Castleview Green Swords Co. Dublin;EA5353;;;;Healthcare
Dublin;PSC Biotech Ltd;;Unit 8 Block 8 Blanchardstown Corporate Park 1 Ballycoolin Dublin 15 D15 N127;EA4307;+35319011707;europehr@biotech.com;https://biotech.com/;Biotech, Engineering, Pharma
Dublin;Pulse Healthcare Limited;;3rd Floor 57 Adelaide Road Dublin 2 D02Y3C6;EA5405;;;;Healthcare
Dublin;Purpose+Impact Limited;;Work Hub 77 Camden Street Lower James Joyce Street Co. Dublin D02XE80;EA5082;+35312232973;contact@purposeandimpact.org;https://purposeandimpact.org;General Recruitment, NGO
Dublin;Pyramid Dynamics Limited;;18 Park Drive Green Castleknock Dublin 15;EA4513;;;;HR, Admin & Office
Dublin;P&C Immigration Consultancy Services Ltd;Work Permits Ireland;16/17 O'Connell Street Lower Dublin 1 D01 E9W0;EA5034;+35318733772;info@workpermits.ie.;https://www.workpermits.ie/;Immigration, General Recruitment
Dublin;QCS Staffing Europe Limited;;38 Main Street Swords Co. Dublin K67E0A2;EA4565;+35319609555;contact@qcsstaffing.com;https://qcsstaffing.com;Healthcare, Pharma
Dublin;QRS Quest Recruitment Solutions Limited;Quest Recruitment Solutions;59 Merrion Square Dublin 2;EA1674;+35316760505;info@questrecruitment.ie;https://questrecruitment.ie;Finance & Accounting, Admin & Office
Dublin;Quinn Executive Search Ltd;Quinn & Associates;The Green Way Block C Ardilaun Court 112-114 St Stephens Green Dublin 2;EA5249;+35312654000;sandra.quinn@quinnandassociates.ie;https://www.quinnandassociates.ie/;Board level, Consulting, HR
Dublin;Rachel Kelly IT Recruitment Ltd;;51 Bracken Road Sandyford Dublin 18 D180V48;EA4985;+35315675555;rach@rachelkelly.ie;https://rachelkelly.ie;Tech & Data Science
Dublin;Raindrops Recruitment Agency;;Apt 19 Old Music Hall Copper Alley Dublin 8 D08PP76;EA5268;;;;
Dublin;Real Holistic Healthcare Services Ltd;;12 Hamilton Avenue Balbriggan Co. Dublin K32 YP64;EA5044;;;;Healthcare, Care
Dublin;Realtime Recruitment;;2nd Floor The Courtyard Carmanhall Rd Sandyford Dublin 18 D18 Y4TX;EA2340;+35316520652;info@realtime.jobs;https://realtime.jobs/;Tech & Data Science, Business Services, QA
Dublin;Rebecca Hoey Consulting Limited;RH Consulting Ltd;83 Brandon Road Drimnagh Dublin 12;EA4958;;;;General Recruitment, Admin & Office, HR
Dublin;Recport Limited;Archer Recruitment;2 Westland Square Pearse Street, Dublin 2 D02 V960;EA3658;+35316498500;info@archer.ie;https://www.archer.ie/;Tech & Data Science, Finance & Accounting
Dublin;Recruited Approach Ltd;HortiRecruit;Fumbally Exchange Angus House Malpas Street, Blackpitts Co. Dublin D08Y273;EA4687;;;https://www.horticultureconnected.ie/;Agriculture, Engineering
Dublin;Recruitment Plus Limited;Recruitment Plus;Office 204, Nesta Business Centre Deansgrange Business Park Deansgrange Co. Dublin A94A4A6;EA1521;+35312788610;jobs@rplus.ie;https://www.recruitmentplus.ie/contact/;Admin & Office, Pharma, Engineering, Finance & Accounting
Dublin;Recruitnet International Limited;Recruitnet;Unit 2 Village Court Esker Hill, Lucan Co. Dublin;EA3760;;;;Healthcare
Dublin;Recruitroo Ireland Limited;;19-22 Baggot Street Lower Dublin 2 D02 X658;EA4927;+35312238529;enquiries@recruitroo.com;http://www.recruitroo.com/;General Recruitment, Hospitality
Dublin;Redac Limited;Barden;10 Ely Place Upper Dublin 2 D02 HR98;EA3752;;;;General Recruitment, Finance & Accounting, Legal
Dublin;Reed Specialist Recruitment Ireland Ltd;;Ground Floor, Hampton House 27 Mount Street Lower Dublin 2;EA1513;+35314189952;paula.gallagher@reed.com;https://www.reedglobal.ie/contact/find-a-reed-office/reed-dublin;Finance & Accounting, Tech & Data Science, HR, Engineering
Dublin;Relief 24/7 Personnell Services Ltd;;77 Lower Camden Street Dublin 2;EA5109;+353894885777;info@relief247personell.com;https://relief247personell.com/;
Dublin;Remote Management Technology Limited;;1st Floor 9 Exchange Place IFSC Dublin 1 D01 X8H2;EA4549;;;;Tech & Data Science, Remote
Dublin;Renegade Recruitment Limited;The Recruitment Company;62 Lower Mount Street Dublin 2 D02K634;EA4134;+35316972548;hello@therecruitmentcompany.com;https://www.therecruitmentcompany.ie/;General Recruitment, Construction, Engineering
Dublin;Reperio Human Capital (Ireland) Limited;Reperio Human Capital (Ireland) Limited;The Merrion Buildings 18-20 Merrion Street Upper Dublin 2 D02 XH98;EA4024;+35315713000;info@reperiohc.com;http://reperiohumancapital.com/;Tech & Data Science, Engineering, General Recruitment
Dublin;Rippling Ireland Limited;;5th Floor, Block E Iveagh Court Harcourt Road Dublin 2 D02 YT22;EA4954;;;https://www.rippling.com/en-IE;HR
Dublin;Riverbank Recruitment Ltd;;51 Bracken Road Co. Dublin D18CU48;EA5376;;info@riverbankrecruitment.com;https://www.riverbankrecruitment.com/;General Recruitment, HR, Admin & Office
Dublin;Robert Half International Ireland Limited;;2 Pembroke House Upper Pembroke Street 28-32 Dublin 2 D02EK84;EA4650;+35315746770;;https://www.roberthalf.com/ie/en;Finance & Accounting, Tech & Data Science, Legal, HR
Dublin;Robert Walters Limited;;Dublin Landings 2 Northwall Quay Dublin 1 Dublin 1;EA1548;+35316334111;dublin@robertwalters.com;https://www.robertwalters.ie/;General Recruitment, Finance & Accounting, HR, Tech & Data Science
Dublin;Room F208 Limited;About Recruitment;56 Charleville Square Butterfield Avenue Rathfarnham Co. Dublin D14 AY23;EA4118;;;;General Recruitment
Dublin;ROS Healthcare Limited;;28 Mount Eustace Crescent Tyrrellstown Dublin 15;EA5155;;;https://www.roshealthcare.ie/;Healthcare, Care, General Recruitment
Dublin;Rosata Recruitment Ltd;;Unit 3 Adelphi House Dun Laoghaire Co. Dublin A96NY82;EA4814;+35314853747;info@rosata.ie;https://rosata.ie;Healthcare
Dublin;Rostrum Resources Limited;;First Floor 54 Dawson Street Dublin 2 Dublin 2 D02 XW44;EA4264;+35316991700;hello@rostrum.ie;https://shelbourne.ie/rostrum-resources-limited/;Board level, General Recruitment
Dublin;Royal Homecare Ltd;;13 Adelaide Road Saint Peter's Dublin 2 D02P950;EA4661;+35314853001;info@royalhomecare.ie | recruitment@royalhomecare.ie;https://www.royalhomecare.ie/;Healthcare, Care
Dublin;Royal Medical Limited;Inspire Medical;Suite 16 The Beacon Mall Sandyford Dublin 18 D18WV72;EA5235;+35312688510;info@inspiremedical.com;http://www.inspiremedical.ie/;Healthcare
Dublin;RSM Ireland Business Advisory Limited;RSM Ireland;Trinity House Charleston Road Ranelagh Dublin 6 D06 C8X4;EA3279;+35314965388;;http://www.rsmireland.ie/;Finance & Accounting, Business Services, Audit, Legal, Consultancy
Dublin;Russell Tobin and Associates Limited;;Work Hub Fern Road Sandyford Dublin 18;EA4919;+35315843013;dublin@tobin.ie;https://russelltobin.com/russell-tobin-ie;Tech & Data Science, Technical
Dublin;Sabeo Holdings Ltd;Sabeo Holdings Ltd;Serpentine Business Centre Unit 6, 48 Serpentine Avenue Ballsbridge Dublin 4 D04YD26;EA4442;+35314064600;info@sabeo.com;https://sabeo.com/;Tech & Data Science
Dublin;Sanderson Recruitment (Ireland) Limited;Sanderson;44A Westland Row Dublin 2 D02 A274;EA3673;+35315133620;;http://www.sanderson.ie/;Tech & Data Science, Finance & Accounting, Business Services, Supply Chain
Dublin;Santry Recruitment Limited;Allied Health Careers;1A Santry Business Park Santry Dublin 9;EA4724;+35316876415;info@alliedhealthcareers.ie;https://alliedhealthcareers.ie/;Healthcare
Dublin;Sarah Louise Gallagher;Impulse Recruitment;53 Cronan's Well Brook Mooretown Swords Co. Dublin K67 AOW5;EA4720;;jobs@impulserecruitment.ie;https://impulserecruitment.ie/;General Recruitment
Dublin;Savvi Partners Ltd;Savvi Recruitment Consultants;Lower Ground Floor 33 Baggott Street Lower Dublin 2 D02 RW59;EA4143;+35312248840;info@savvirecruitment.com;https://www.savvirecruitment.com/;Finance & Accounting, General Recruitment
Dublin;Seachelle Consulting Ltd;;Hamilton House 28 Fitzwilliam Place Dublin 2 D02 P283;EA4197;;;;Consultancy
Dublin;Search Talent People Limited;;43 Fitzwilliam Place Dublin 2 D02FY81;EA4399;+35319639305;info@searchtalent.ie;http://www.searchtalent.ie/;General Recruitment
Dublin;Sedgwick Outsource Services Limited;Sedgwick Recruitment;Merrion Hall Sandymount Dublin 4;EA4443;+35316615344;info@ie.sedgwick.com;https://sedgwick.com/;Insurance, General Recruitment
Dublin;SG Aviation Services Limited;;38 Fitzwilliam Street Upper Dublin 2 D02 KV05;EA2198;+35319081132;info@sgaviationservices.com | recruitment@sgaviationservices.com;https://sgaviationservices.com;Aviation
Dublin;Shamrock Assist LTD;;2nd Floor 13 Baggot Street Upper Saint Peters Dublin 4 D04 W7K5;EA4460;+35316854700;contact@sralocum.com;;Healthcare
Dublin;Shamrock Shield Ltd;Shamrock Shield Ltd;6 Fern Road Sandyford Business Park Dublin 18 D18FP98;EA5207;;;;Healthcare
Dublin;Shamrock Staffing Group Ltd;;Office 517 Regus House Harcourt Road Dublin 2;EA4765;;;;Healthcare
Dublin;Shanahan Engineering Ltd;;The Glasshouses, Blackrock Frascati Hall, Sweetman's Avenue Blackrock Co. Dublin A94;EA1108;+35312809888;enquiries@shanahaneng.ie;https://shanahanengineering.com;Engineering, Construction, Sales, Electrical, Mechanical
Dublin;Shane Hickey;CS Recruitment;18 Oaktree Drive Castleknock Dublin 15 D15ARX0;EA4599;+353863301792;info@csrecruitment.ie;https://csrecruitment.ie;Finance & Accounting, Admin & Office, Board level
Dublin;Sherlock Recruitment Limited;;Unit D7, Block D Centrepoint Business Park, Oak Drive Dublin 12 D12 A0V6;EA3731;+35314568438;reception@sherlockrecruitment.com;https://careers.sherlockrecruitment.com/;Construction, Industrial, Engineering, Mechanical, Admin & Office
Dublin;Shikilla Health Care Agency Limited;;9 Churchwell Grove Belmayne Co. Dublin D13H921;EA4810;+35315984446;info@shikillahealthcare.ie;https://shikillahealthcare.ie;Healthcare, Care
Dublin;Short Call Limited;;3 Burnell Square Northern Cross Malahide Rd Co. Dublin D17KN34;EA4108;;;;General Recruitment
Dublin;Sigmar Recruitment Consultants Limited;Sigmar Recruitment Consultants Limited;13 Hume St Dublin 2 D02F861;EA2029;+35314744600;info@sigmar.ie;https://www.sigmarrecruitment.com/;General Recruitment, Tech & Data Science, Construction, Engineering, Healthcare, Factory, HR, Legal, Marketing, Admin & Office
Dublin;Silverback Staffing Limited;;Station Mews Lindsay Grove Glasnevin Dublin 9 D09 CC92;EA3607;+35314410102;hello@silverback.ie | work@silverback.ie;http://silverback.ie/;General Recruitment
Dublin;Silverscope Healthcare Staffing Ltd;;Suite 10866 26/27 Pembroke Street Dublin 2 D02 X361;EA5239;;;;Healthcare
Dublin;Skylark Solutions;;9 The Crescent Millars Glen Swords Co. Dublin;EA5337;;;;Tech & Data Science
Dublin;Skyward Manpower Resource And Management Ltd;;Main St Rathcoole Co. Dublin D24 X362;EA4526;;;;General Recruitment
Dublin;Smart Careers & Training Limited;;Unit 10 Weatherwell Industrial Estate Davenham House Clondalkin Dublin 22;EA2186;+35316612374;info@smartcareers.ie;https://smartcareers.ie;General Recruitment
Dublin;Smyth Recruitment Limited;Smyth Recruitment;Carlisle Business Centre 51 Bracken Road Sandyford Dublin 18 D18CV48;EA4266;+353877872525;jobs@smythrecruitment.ie | louise@smythrecruitment.ie;http://www.smythrecruitment.ie/;General Recruitment
Dublin;Softest Consulting Services Ltd;;9 Woodward View Murphystown Way Glencairn Gate Dublin 18 D18TYV3;EA4483;;admin@softest.co;https://softest.co/;Tech & Data Science
Dublin;Solas IT Limited;Solas Consulting Group;Suite 313 The Capel Buildings St Mary's Abbey Dublin 7 D07 FE0A;EA3415;+35312449520;info@solasit.ie;https://solasit.ie;Tech & Data Science
Dublin;Solus Healthcare Services Ltd;Solus Recruitment;Digital Office Centre Dublin Airport Balheary Road Swords Co. Dublin K67 E5A0;EA5105;;;;Healthcare, Care
Dublin;Sorrento Recruitment Limited;Sorrento Recruitment;20/21 St. Patrick's Street Dalkey Glenageary Co. Dublin A96 W640;EA4878;+353861035013;donal.osullivan@sorrentorecruitment.com;https://sorrentorecruitment.com/;General Recruitment
Dublin;Specialist Healthcare Limited;;Clifton House 64 Monkstown Road Monkstown Co. Dublin A94XK65;EA5159;;;;Healthcare
Dublin;Spencer Lennox Limited;;40 Fitzwilliam Square Dublin 2 D02 DK70;EA4541;+35319602120;info@spencerlennox.ie;https://spencerlennox.ie/;Legal
Dublin;Spencer Stuart International Ireland Limited;;Whitaker Court, Block C, Second Floor 28/29 Sir John Rogerson's Quay Dublin 2;EA1038;+35315149000;;https://www.spencerstuart.com;Board level
Dublin;SRI Executive Search Limited;SRI Executive Search Limited;31 Westlands Square Dublin 2 D02 AW71;EA1725;+35316675008;contact@sri-executive.com;https://www.sri-executive.com;Board level
Dublin;Staffline Recruitment (ROI) Limited;;Walkinstown Mall 78 Walkinstown Rd Walkinstown Dublin 12 D12 N5P8;EA1269;+35314505288;walkinstown@stafflinerecruit.com;https://stafflinerecruit.com/;General Recruitment, Admin & Office, Logistics & Warehousing, Sales, Driving, Hospitality, Accounting, Engineering, HR
Dublin;Steering Point Advisory LTD;;5 Fitzwilliam Square East Dublin 2;EA5028;;;;Board level, Consulting, HR
Dublin;Stelfox Limited;;Suite 336 Capel Buildings Mary's Abbey Dublin 7;EA2059;+35316793182;cork@stelfox.com | dublin@stelfox.com | info@stelfox.com;https://stelfox.com;Tech & Data Science
Dublin;Stellar Healthcare Limited;;Stellar Healthcare Prime Health Medical Center Main Street, Townparks Swords Co. Dublin K67;EA4960;;;;Healthcare, Pharma
Dublin;Sterling Engineering Limited;;5th Floor Rear Connaught House 1 Burlington Road Dublin 4;EA5050;;admin@sterlingengineeringeu.com;https://sterlingengineeringeu.com;Engineering, Technical
Dublin;SThree Staffing Ireland Ltd;Computer Futures, Real Staffing Group & Huxley Associates;38/39 Fitzwilliam Square West Dublin 2 D02NX53;EA1570;;;;Tech & Data Science, Finance & Accounting, Healthcare, Banking
Dublin;Storm People (Ireland) Limited;;22 Priory Office Park Blackrock Co. Dublin A94 HK76;EA5012;;;;Aviation
Dublin;Stott and May Consulting Services Ltd;;The Greenway Iconic Offices Block C, Ardilaun Court 112-114 St Stephen's Green Dublin 2;EA4614;;dublin@stottandmay.com;;Consultancy
Dublin;Strategic Executive Initiative Limited;Amrop;28 Fitzwilliam Place Co. Dublin D02 P283;EA4322;+35315649646;;;Board level, General Recruitment
Dublin;Sylvie Levasseur-Reilly;The European Au Pair Agency;554 South Circular Road Rialto Dublin 8 D08 PW21;EA1777;+35314534092;europeanaupairagency@gmail.com;https://europeanaupairagency.ie;Care
Dublin;SyncSearch;SyncSearch Limited;84 Merrion Square Dublin 2;EA5375;+353871213548;admin@syncsearch.ie | gillian@syncsearch.ie;https://syncsearch.ie;General Recruitment
Dublin;Syneos Health Ireland Ltd;;Riverside One Sir John Rogersons Quay Dublin 2;EA3693;;;https://www.syneoshealth.com/;Healthcare, Biotech
Dublin;Tactical Talent Recruitment Ltd;Tactical Talent Recruitment;Ground Floor 71 Lower Baggot St Dublin 2 D02P593;EA3936;+35319079192;info@tacticaltalent.ie;https://tacticaltalent.ie;Tech & Data Science, Industrial, Technical
Dublin;Taking Care of Business Ireland Limited;TCB Ireland;The Spade Centre North King Street Dublin 7;EA4110;+35316174814;info@tcbireland.com;https://tcbireland.com/;General Recruitment
Dublin;Talcon Recruitment Limited;Talcon Recruitment Limited;Talcon Suite 10945 5 Fitzwilliam Square Dublin 2 D02 R744;EA5309;+35319069442;info@talcongroup.ie;https://talcongroup.ie;Construction, Engineering
Dublin;Talent Connectors Ltd;EU Workforce;Suite 17 The Cube Offices Beacon South Quarter Sandyford Business Park Dublin 18;EA5055;+35315563677;jobs@euworkforce.ie;https://euworkforce.ie/;General Recruitment, Hospitality
Dublin;Talent Partners Ltd;;Chase House City Junction Business Park Northern Cross Dublin 17 D17A467;EA3661;+35316873746;;https://www.talentpartners.ie;General Recruitment
Dublin;Talenthub Limited;Talenthub;15 Hume Street Dublin 2;EA3835;+353872973538;hello@talenthub.ie;https://talenthub.ie/;General Recruitment
Dublin;Talentspot Recruitment Limited;;17 Mount Street Upper Co. Dublin D02 EK80;EA4256;+35315175867;info@talentspot.ie;https://talentspot.ie;General Recruitment
Dublin;Taurus Search Ireland Ltd;;16 Dollymount Ave Clontarf Dublin 3 D03YW61;EA4908;;;;Finance & Accounting, Business Services, General Recruitment
Dublin;TCP Workforce Solutions Ireland Limited;;10 Earlsfort Terrace Dublin 2 D02 T380;EA4119;;;;Healthcare, Pharma
Dublin;Team IAS Limited;Irish Aviation Solutions;9 Turnapin Green Cloghran Dublin 17;EA3527;;;;Aviation, Maintenance
Dublin;Team Obair Limited;;13A Grattan Crescent Inchicore Dublin 8 D08 TV21;EA1798;+35314536722;info@teamobair.com;https://teamobair.com;Logistics & Warehousing, Supply Chain, General Recruitment, Industrial
Dublin;Tech Skills Resources Limited;;Ground Floor One Haddington Buildings Haddington Road Dublin 4 D04 X4C9;EA1685;+35316146000;team@techskills.ie;https://www.techskills.ie/;Construction, Engineering, Mechanical, Technical
Dublin;TechR Limited;The Recruiter;9 Heather Grove Woodfarm Palmerstown Dublin 20 D20HT32;EA4551;;;;Tech & Data Science
Dublin;Tekenable Limited;Tekenable Limited;17 Clanwilliam Terrace Grand Canal Quay Dublin 2 D02DR98;EA5245;+35316814098;info@tekenable.ie;https://tekenable.com/;Tech & Data Science, Aviation
Dublin;Temporary Outsourced Trades and Labour Ltd;TOTAL Solutions;9-10 The Village Centre Lucan Co. Dublin K78 CP76;EA4381;+35316283610;info@totalsolutions.ie;https://www.totalsolutions.ie/;Construction, Industrial, General Recruitment
Dublin;TES Recruitment Limited;;Unit 21 Old Quarry Business Park North West Industrial Estate Kilshane Avenue Blanchardstown;EA4730;+353868964889;info@tesr.ie;https://tesr.ie/contact/;Education, General Recruitment
Dublin;Tfynder Software Limited;;Suite 12, Plaza 212 Blanchardstown Corporate Park 2 Ballycoolin Dublin 15 D15 W535;EA4512;+35319685077;marketing@techfynder.com;https://techfynder.com/contact-us;Tech & Data Science
Dublin;The Abraham Trust Limited;Shirley Hastings International Recruitment and Workforce;Suite 303 Nesta Business Centre Nesta Business Park, Kill Lane Blackrock Co. Dublin A94 A4A6;EA5053;;;;General Recruitment
Dublin;The Broadline Recruitment Group Limited;;Unit 11, The Courtyard Nangor Road Kilcarbery Business Park Dublin 22;EA3651;+35314047172;info@broadlinerecruiters.com;https://www.broadlinerecruiters.com/;General Recruitment
Dublin;The Cruthu Foundation Ltd;Way 2 Work Ireland;6 Clare Street Dublin 2;EA5252;;;https://www.way2work.ie/;General Recruitment, Community Development
Dublin;The Institute of Directors in Ireland Limited;;Fourth Floor, Block 3 Harcourt Centre Harcourt Road Dublin 2 D02 A339;EA3432;+35314110010;info@iodireland.ie;https://www.iodireland.ie/;Board level
Dublin;The Nest Health Care Limited;;20 Meile An Ri View Lucan Co. Dublin;EA5132;;;;Healthcare
Dublin;The Nightingale Agency Limited;The Nightingale Placement Agency;42 Mount Street Upper Dublin 2 D02 X3P2;EA3983;+35315253213;hr@tnpa.ie | info@tnpa.ie;https://www.tnpa.ie;Healthcare
Dublin;The Project Company Limited;The Management Company;2 Beacon Hill Nerano Road Dalkey Co. Dublin A96 X231;EA2289;;;;Management, Construction
Dublin;The Project Foundry Ltd;The Project Foundry;The Academy 42 Pearse St Dublin 2 D02KA44;EA5238;+35314452218;info@theprojectfoundry.com;http://www.theprojectfoundry.com/;Management, Tech & Data Science, Business Services
Dublin;TheGoodCheff;TheGoodCheff;Apt 15, Grange House Newcastle Road Lucan Co. Dublin K78T447;EA5362;+353892540250;info@thegoodcheff.com;https://thegoodcheff.com;Hospitality
Dublin;Three Q Temps Ltd;;1st Floor Spencer Row Dublin 1 D01 R9T8;EA3721;+35318783335;jobs@3qrecruitment.ie;https://www.3qrecruitment.ie;Healthcare, Hospitality, General Recruitment
Dublin;Tiger People Limited;;19 Baggot Street Lower Dublin 2 D02 X658;EA4595;+35316111524;info@tiger-recruitment.co.uk;https://tiger-recruitment.com/eur/;Admin & Office, HR, Finance & Accounting, Healthcare
Dublin;TKY Nursing and Healthcare Agencies Limited;;13 Adelaide Road Dublin 2 D02 P950;EA4856;+35316991119;info@tkyhealthcare.ie;https://tkyhealthcare.ie;Healthcare, Cleaning, Science
Dublin;Top Drawer Talent Ltd;;6 Clifden Road Ballyfermot Dublin 10 D10AH63;EA4621;+35316971803;info@tdtalent.ie;https://tdtalent.ie;Supply Chain, Logistics & Warehousing, Admin & Office, Driving, Factory
Dublin;Top Hunt Global INC Ltd;NextStep;Office 1, First Floor The Griffeen Centre Lucan Co. Dublin K78 A3C2;EA4862;;;;General Recruitment
Dublin;Total ICT Services Ltd;ICT Services;ICT House 5 Naas Road Industrial Park Naas Road, Dublin 12 D12HN44;EA3819;+35316209000;ServiceDesk@ictservices.ie;https://ictservices.ie/;Tech & Data Science, General Recruitment, Technical
Dublin;Total Pilot Solutions Ltd;;12 Riverside Crescent Clonshaugh Dublin 17 D17 YK58;EA4511;+353866027353;jobs@totalpilotsolutions.com;https://totalpilotsolutions.com;Aviation
Dublin;Touchpoint Recruitment Limited;Quantum Recruitment;20 Butterfield Park Rathfarnham Dublin 14 D14X240;EA4269;+35315653016;contact@quantumrecruit.ie;https://quantumrecruit.ie/contact-us/;General Recruitment
Dublin;Trent ESM Limited;Trent Recruitment;20 Harcourt St Co. Dublin D02H364;EA1156;+35315647001;info@trentrec.ie;https://www.trentrec.ie;General Recruitment
Dublin;Trilogy Consultants International Limited;Trilogy International;27 Upper Mount Street Dublin 2 D02 F890;EA4407;;;;Board level
Dublin;Trinitech Consulting Ltd;Trintech Consulting Ltd;19 Shackleton Woods Lucan Co. Dublin K78T0X8;EA4379;;;;Tech & Data Science, Technical
Dublin;Trinity Nursing World Limited;;77 Lower Camden Street St Kevins Dublin 2 D02 XE80;EA3944;+35316896788;info@trinitynursingworld.ie | trinitynursingworld@gmail.com;https://trinitynursingworld.ie;Healthcare, Care
Dublin;Tripoint Recruitment Limited;Tripoint Recruitment Limited;12A Belmont Hall Gardiner Street Dublin 1 D01DV56;EA5317;;;;General Recruitment
Dublin;Ultrasound Dimensions Ltd;HireOps;21 Main Street Blackrock Co. Dublin;EA5286;;;;Healthcare, Tech & Data Science
Dublin;Vanessa Anne Fogarty;Talent Choice;32 Dewberry Park Portmarnock Co. Dublin D13XT61;EA5145;+35315569098;info@talentchoice.ie;https://www.talentchoice.ie/contact-us;General Recruitment
Dublin;Vantage Resources Limited;;4 Leopardstown Office Park Sandyford Dublin 18 D18 K1C5;EA1463;+35312952850;vantage@vantage.ie;https://www.vantage.ie/;General Recruitment
Dublin;Velocity Global Consulting Limited;;70 Sir John Rogerson's Quay Dublin 2 D02 R96;EA4525;;;https://velocityglobal.com/;General Recruitment, HR
Dublin;Vertical Markets Group Ltd;Webscience;HR Search & Selection, Capital Markets, 13 Lad Lane Dublin 2;EA4262;+35315242455;;https://itsearch.ie/;General Recruitment, HR, Healthcare, Finance & Accounting
Dublin;VHR Global Technical Consultancy Limited;;The Black Church St Mary's Place Dublin 07 D07 P4AX;EA4398;;;https://www.v-hr.com/our-offices/;Technical, Tech & Data Science, General Recruitment
Dublin;Vista Oasis Limited;Vista Executive Search;20 Harcourt Street Dublin 2 D02 H364;EA4026;+35319610015;info@vistasearch.ie;https://vistasearch.ie/;Board level
Dublin;Voltedge Management Limited;;Suite 9, The Old Station House 15A Main Street Blackrock Co. Dublin A94 T8P;EA3924;+35315252914;info@voltedge.ie;https://www.voltedge.ie/;HR, Consulting
Dublin;Wilton Executive Search Ltd;Wilton Executive Search;109 Lower Baggot Street Dublin 2 D02 AK58;EA3871;;;https://wilton-bain.com/;Board level, Consulting
Dublin;Wilton & Bain Ireland Limited;;99 St Stephens Green Dublin 2;EA4735;;;https://wilton-bain.com/;Board level, Finance & Accounting, General Recruitment, Interim, Consulting
Dublin;Winston Wright;Hospitality Recruitment;Mespil House Sussex Road Dublin 4;EA3269;;;;Hospitality
Dublin;Workforce International Contractors Limited;Workforce;19 Grange Parade Baldoyle Industrial Estate Dublin 13 D13N29X;EA2200;+35318952065;;;General Recruitment
Dublin;WPS Recruitment;;77 Camden Street Lower Saint Kevin's Portobello Dublin 2 D02XE80;EA5300;+353852627228;info@workpermitsolutions.com;https://workpermitsolutions.com/?page_id=57;General Recruitment
Dublin;Xpress Healthcare Limited;;Unit 47 Park West Enterprise Centre Lavery Ave Park West Dublin 12 D12 WN44;EA4708;+35312118883;info@xpresshealth.ie | recruitment@xpresshealth.ie;https://xpresshealth.ie;Healthcare
Dublin;Xpress Medical Technology Services Limited;;Unit 47 Park West Enterprise Centre Lavery Avenue Park West Dublin 12 D12 WN44;EA5180;;;;Healthcare
Dublin;Your World Healthcare Ireland ltd;;The View Marina Village Malahide Co. Dublin K36 CX99;EA3645;+35315312888;ireland@yourworld.com;https://www.yourworld.com/ie;Healthcare
Dublin;Zatino Limited;Zatino Group / Zatino Recruitment;15 Harcourt Street Dublin 2 D02 XY47;EA4700;+35312678018;info@zatino.ie;https://www.zatino.ie;General Recruitment, Business Services
Dublin;Zeeoom Limited;Talentlink;Unit 80 Cherry Orchard Business Park Dublin 10 D10NX96;EA5231;;;;Tech & Data Science
Dublin;Zenith Health Limited;;100 Moylaragh Crescent Balbriggan Co. Dublin K32 VH05;EA4917;+353874774253;info@zenithhealth.ie;https://zenithhealth.ie;Healthcare
Dublin;Zenovo Limited;Zenovo;13 Adelaide Road Earlsfort Plaza Co. Dublin D02P950;EA5288;;phil@zenovo.co.uk;https://zenovo.co.uk/;Tech & Data Science, Engineering, Technical
Dublin;ZettaJobs Ltd;Zettajobs;Unit 3C Swords Business Park Swords Co. Dublin;EA5272;+35318704911;dyellop@zettajobs.ie;https://zettajobs.ie/;General Recruitment
Dublin;Zfakbar Ltd;Healtcare Recruitment Specialist;40 Deerhaven Ave Clonee Dublin 15 Dublin 15;EA5073;;;;Healthcare
Dublin;Zitko Group (Ireland) Ltd;;Office 3, Sky Business Centre Clonshaugh Business and Technology Park Clonshaugh Dublin;EA5255;+35312232749;info@zitko.co.uk;https://www.zitkogroup.com/;Security, Technical, Engineering
